date_o,sales,promo,oil price,Holiday,transactions,cluster
2013-01-01,0.0,0,93.14,False,0.0,
2013-01-02,7417.148,0,93.14,False,2111.0,
2013-01-03,5873.244001,0,92.97,False,1833.0,
2013-01-04,5919.879001,0,93.12,False,1863.0,
2013-01-05,6318.7850100000005,0,93.2,False,1509.0,
2013-01-06,2199.087,0,93.2,False,520.0,
2013-01-07,6150.924,0,93.2,False,1807.0,
2013-01-08,5597.181,0,93.21,False,1869.0,
2013-01-09,6808.57899,0,93.08,False,1910.0,
2013-01-10,4757.715,0,93.81,False,1679.0,
2013-01-11,5494.01598,0,93.6,False,1813.0,
2013-01-12,5467.78298,0,94.27,False,1473.0,
2013-01-13,2693.878004,0,94.27,False,542.0,
2013-01-14,5651.68501,0,94.27,False,1780.0,
2013-01-15,5204.174,0,93.26,False,1680.0,
2013-01-16,6733.596002,0,94.28,False,1933.0,
2013-01-17,4942.474,0,95.49,False,1786.0,
2013-01-18,5923.124001,0,95.61,False,1745.0,
2013-01-19,5895.146,0,96.09,False,1389.0,
2013-01-20,2371.133995,0,96.09,False,507.0,
2013-01-21,5227.60202,0,96.09,False,1770.0,
2013-01-22,5298.986,0,96.09,False,1762.0,
2013-01-23,6259.346,0,95.06,False,1873.0,
2013-01-24,4861.523999999999,0,95.35,False,1616.0,
2013-01-25,5577.701,0,95.15,False,1770.0,
2013-01-26,5290.32701,0,95.95,False,1295.0,
2013-01-27,2439.378,0,95.95,False,542.0,
2013-01-28,4976.808,0,95.95,False,1738.0,
2013-01-29,4681.5110005,0,97.62,False,1772.0,
2013-01-30,6118.887,0,97.98,False,1877.0,
2013-01-31,4712.577,0,97.65,False,1707.0,
2013-02-01,5782.7789999999995,0,97.46,False,1806.0,
2013-02-02,5706.91901,0,96.21,False,1377.0,
2013-02-03,2267.983,0,96.21,False,531.0,
2013-02-04,5574.041,0,96.21,False,1714.0,
2013-02-05,5080.786,0,96.68,False,1775.0,
2013-02-06,6107.432001,0,96.44,False,1853.0,
2013-02-07,4452.242995,0,95.84,False,1727.0,
2013-02-08,5593.812,0,95.71,False,1878.0,
2013-02-09,4435.572,0,97.01,False,1104.0,
2013-02-10,1199.135,0,97.01,False,374.0,
2013-02-11,1344.749998,0,97.01,False,396.0,
2013-02-12,1852.01501,0,97.48,False,487.0,
2013-02-13,6121.725,0,97.03,False,1921.0,
2013-02-14,4999.187999,0,97.3,False,2119.0,
2013-02-15,5387.78798,0,95.95,False,1787.0,
2013-02-16,5625.385,0,96.69,False,1263.0,
2013-02-17,1747.08101,0,96.69,False,399.0,
2013-02-18,5343.77902,0,96.69,False,1742.0,
2013-02-19,5229.718,0,96.69,False,1806.0,
2013-02-20,6024.07,0,94.92,False,1835.0,
2013-02-21,5325.731,0,92.79,False,1756.0,
2013-02-22,5781.510002,0,93.12,False,1805.0,
2013-02-23,5426.989018,0,92.74,False,1448.0,
2013-02-24,2295.712,0,92.74,False,512.0,
2013-02-25,5333.274984,0,92.74,False,1760.0,
2013-02-26,4710.27898,0,92.63,False,1804.0,
2013-02-27,6054.942997,0,92.84,False,1845.0,
2013-02-28,5009.69201,0,92.03,False,1763.0,
2013-03-01,5940.556,0,90.71,False,1916.0,
2013-03-02,5817.466999,0,90.13,False,1332.0,
2013-03-03,2436.8269999999998,0,90.13,False,547.0,
2013-03-04,6094.491999,0,90.13,False,1841.0,
2013-03-05,4968.63401,0,90.88,False,1750.0,
2013-03-06,6845.5380000000005,0,90.47,False,1929.0,
2013-03-07,5199.071,0,91.53,False,1751.0,
2013-03-08,6010.675998,0,92.01,False,1960.0,
2013-03-09,5665.511,0,92.07,False,1337.0,
2013-03-10,2601.404,0,92.07,False,538.0,
2013-03-11,5504.89798,0,92.07,False,1874.0,
2013-03-12,4965.085,0,92.44,False,1734.0,
2013-03-13,6077.7760100000005,0,92.47,False,1841.0,
2013-03-14,4557.174,0,93.03,False,1751.0,
2013-03-15,5638.478,0,93.49,False,1812.0,
2013-03-16,5799.479,0,93.71,False,1238.0,
2013-03-17,2258.610998,0,93.71,False,561.0,
2013-03-18,5161.345,0,93.71,False,1696.0,
2013-03-19,4942.25201,0,92.44,False,1728.0,
2013-03-20,6195.9220000000005,0,93.21,False,1879.0,
2013-03-21,5097.209,0,92.46,False,1727.0,
2013-03-22,5795.069,0,93.41,False,1689.0,
2013-03-23,5518.5960000000005,0,94.55,False,1358.0,
2013-03-24,2056.88,0,94.55,False,531.0,
2013-03-25,5233.41299,0,94.55,False,1770.0,
2013-03-26,4812.276,0,95.99,False,1700.0,
2013-03-27,6387.455,0,96.53,False,1840.0,
2013-03-28,5686.706,0,97.24,False,1729.0,
2013-03-29,2001.729,0,97.1,False,474.0,
2013-03-30,4353.33,0,97.1,False,1002.0,
2013-03-31,2042.369,0,97.1,False,464.0,
2013-04-01,6144.881,0,97.1,False,1894.0,
2013-04-02,5774.184999,0,97.23,False,1705.0,
2013-04-03,7074.953,0,95.02,False,1912.0,
2013-04-04,4896.498,0,93.26,False,1723.0,
2013-04-05,6304.927,0,92.76,False,1899.0,
2013-04-06,5594.088,0,93.36,False,1349.0,
2013-04-07,2363.7399995,0,93.36,False,521.0,
2013-04-08,5378.179999999999,0,93.36,False,1824.0,
2013-04-09,4803.334964,0,94.18,False,1744.0,
2013-04-10,6835.487,0,94.59,False,1916.0,
2013-04-11,4701.459,0,93.44,False,1638.0,
2013-04-12,6212.33,0,91.23,False,1860.0,
2013-04-13,5493.952,0,88.75,False,1338.0,
2013-04-14,2209.921008,0,88.75,False,525.0,
2013-04-15,5462.558,0,88.75,False,1804.0,
2013-04-16,5367.81,0,88.73,False,1757.0,
2013-04-17,6207.2429999999995,0,86.65,False,1807.0,
2013-04-18,5004.652996,0,87.83,False,1607.0,
2013-04-19,5339.899,0,88.04,False,1737.0,
2013-04-20,5759.571,0,88.81,False,1335.0,
2013-04-21,2449.2799999999997,0,88.81,False,505.0,
2013-04-22,5504.771,0,88.81,False,1838.0,
2013-04-23,5085.243,0,89.21,False,1697.0,
2013-04-24,7112.197,0,91.07,False,1921.0,
2013-04-25,4722.563002,0,93.27,False,1660.0,
2013-04-26,6316.556,0,92.63,False,1843.0,
2013-04-27,5334.13899,0,94.09,False,1314.0,
2013-04-28,2427.34,0,94.09,False,517.0,
2013-04-29,4488.657,0,94.09,False,1653.0,
2013-04-30,5478.078,0,93.22,False,1897.0,
2013-05-01,2677.930005,0,90.74,False,613.0,
2013-05-02,5648.427,0,93.7,False,1763.0,
2013-05-03,7051.153003,0,95.25,False,1847.0,
2013-05-04,5797.93698,0,95.8,False,1347.0,
2013-05-05,2723.904,0,95.8,False,538.0,
2013-05-06,5813.939,0,95.8,False,1834.0,
2013-05-07,5586.959,0,95.28,False,1792.0,
2013-05-08,6351.424000999999,0,96.24,False,1904.0,
2013-05-09,5049.362,0,96.09,False,1813.0,
2013-05-10,6135.394,0,95.81,False,1959.0,
2013-05-11,6289.375,0,94.76,False,1488.0,
2013-05-12,3809.1059999999998,0,94.76,False,549.0,
2013-05-13,5637.614,0,94.76,False,1784.0,
2013-05-14,5528.375005,0,93.96,False,1747.0,
2013-05-15,5901.738,0,93.95,False,1887.0,
2013-05-16,5459.329,0,94.85,False,1781.0,
2013-05-17,6021.054,0,95.72,False,1883.0,
2013-05-18,5681.288,0,96.29,False,1299.0,
2013-05-19,2037.13201,0,96.29,False,497.0,
2013-05-20,5221.561,0,96.29,False,1732.0,
2013-05-21,4932.974,0,95.55,False,1692.0,
2013-05-22,5896.853,0,93.98,False,1865.0,
2013-05-23,5426.115,0,94.12,False,1753.0,
2013-05-24,2195.219,0,93.84,False,496.0,
2013-05-25,4255.778004,0,94.65,False,1107.0,
2013-05-26,1621.783,0,94.65,False,411.0,
2013-05-27,5194.109,0,94.65,False,1748.0,
2013-05-28,5133.556996,0,94.65,False,1787.0,
2013-05-29,6685.573,0,93.13,False,1815.0,
2013-05-30,4949.255,0,93.57,False,1737.0,
2013-05-31,6155.988,0,91.93,False,1818.0,
2013-06-01,6180.505,0,93.41,False,1357.0,
2013-06-02,1729.6100000000001,0,93.41,False,430.0,
2013-06-03,6302.145,0,93.41,False,1882.0,
2013-06-04,5893.591,0,93.36,False,1785.0,
2013-06-05,7261.88,0,93.66,False,1845.0,
2013-06-06,5565.632001,0,94.71,False,1815.0,
2013-06-07,6704.611,0,96.11,False,1885.0,
2013-06-08,5537.825,0,95.82,False,1279.0,
2013-06-09,2331.649,0,95.82,False,510.0,
2013-06-10,5703.609,0,95.82,False,1826.0,
2013-06-11,5368.142,0,95.5,False,1855.0,
2013-06-12,6200.09799,0,95.98,False,1863.0,
2013-06-13,4737.133,0,96.66,False,1711.0,
2013-06-14,6056.953,0,97.83,False,1856.0,
2013-06-15,5452.68601,0,97.86,False,1356.0,
2013-06-16,1983.074,0,97.86,False,541.0,
2013-06-17,5964.64102,0,97.86,False,1786.0,
2013-06-18,5096.6050000000005,0,98.46,False,1775.0,
2013-06-19,6747.888002,0,98.24,False,1783.0,
2013-06-20,4725.838,0,94.89,False,1629.0,
2013-06-21,5608.436,0,93.81,False,1700.0,
2013-06-22,5257.657,0,95.07,False,1295.0,
2013-06-23,2207.966,0,95.07,False,493.0,
2013-06-24,5225.463,0,95.07,False,1820.0,
2013-06-25,17094.321,0,95.25,False,1718.0,
2013-06-26,5962.694,0,95.47,False,1856.0,
2013-06-27,4822.808,0,97.0,False,1671.0,
2013-06-28,6044.440996,0,96.36,False,1808.0,
2013-06-29,5525.23898,0,97.94,False,1264.0,
2013-06-30,2154.501,0,97.94,False,482.0,
2013-07-01,5837.525,0,97.94,False,1797.0,
2013-07-02,5787.7119999999995,0,99.65,False,1778.0,
2013-07-03,13342.826000000001,0,101.92,False,1899.0,
2013-07-04,5126.38599,0,103.09,False,1792.0,
2013-07-05,5998.664,0,103.09,False,1804.0,
2013-07-06,5157.274,0,103.03,False,1186.0,
2013-07-07,2257.248003,0,103.03,False,485.0,
2013-07-08,5785.948999,0,103.03,False,1826.0,
2013-07-09,5276.898,0,103.46,False,1804.0,
2013-07-10,6142.587998999999,0,106.41,False,1761.0,
2013-07-11,4929.228,0,104.77,False,1668.0,
2013-07-12,5600.981,0,105.85,False,1749.0,
2013-07-13,5136.321001,0,106.2,False,1219.0,
2013-07-14,1841.979,0,106.2,False,434.0,
2013-07-15,5314.50201,0,106.2,False,1781.0,
2013-07-16,5756.529,0,105.88,False,1904.0,
2013-07-17,5843.33001,0,106.39,False,1846.0,
2013-07-18,4763.806,0,107.94,False,1700.0,
2013-07-19,6212.646,0,108.0,False,1752.0,
2013-07-20,5084.118001,0,106.61,False,1336.0,
2013-07-21,1905.67,0,106.61,False,448.0,
2013-07-22,5047.601,0,106.61,False,1753.0,
2013-07-23,5644.173,0,107.13,False,1794.0,
2013-07-24,5855.491,0,105.41,False,1796.0,
2013-07-25,5112.657,0,105.47,False,1697.0,
2013-07-26,5635.064,0,104.76,False,1808.0,
2013-07-27,5003.337001,0,104.61,False,1247.0,
2013-07-28,1795.154,0,104.61,False,439.0,
2013-07-29,5769.125,0,104.61,False,1802.0,
2013-07-30,4467.499,0,103.14,False,1741.0,
2013-07-31,5996.349999999999,0,105.1,False,1828.0,
2013-08-01,6136.8730000000005,0,107.93,False,1767.0,
2013-08-02,5517.759,0,106.94,False,1748.0,
2013-08-03,5394.977,0,106.61,False,1290.0,
2013-08-04,1837.975005,0,106.61,False,453.0,
2013-08-05,5594.295,0,106.61,False,1763.0,
2013-08-06,5130.626,0,105.32,False,1717.0,
2013-08-07,5952.391,0,104.41,False,1800.0,
2013-08-08,4739.294,0,103.45,False,1650.0,
2013-08-09,5630.461,0,106.04,False,1785.0,
2013-08-10,3537.348996,0,106.19,False,832.0,
2013-08-11,1862.6440003,0,106.19,False,441.0,
2013-08-12,5528.931,0,106.19,False,1728.0,
2013-08-13,4613.631,0,106.78,False,1685.0,
2013-08-14,5701.057,0,106.89,False,1836.0,
2013-08-15,4974.404,0,107.43,False,1656.0,
2013-08-16,5719.50098,0,107.58,False,1817.0,
2013-08-17,4919.993996,0,107.14,False,1203.0,
2013-08-18,1843.3600000000001,0,107.14,False,427.0,
2013-08-19,5127.269,0,107.14,False,1714.0,
2013-08-20,4658.069996,0,104.9,False,1670.0,
2013-08-21,5531.862,0,103.93,False,1826.0,
2013-08-22,4568.639,0,104.93,False,1599.0,
2013-08-23,5678.172998,0,106.48,False,1777.0,
2013-08-24,4615.946,0,105.88,False,1166.0,
2013-08-25,2079.300996,0,105.88,False,457.0,
2013-08-26,5323.87,0,105.88,False,1722.0,
2013-08-27,5163.91099,0,109.11,False,1677.0,
2013-08-28,5864.235,0,110.17,False,1831.0,
2013-08-29,4654.188,0,108.51,False,1647.0,
2013-08-30,5969.395,0,107.98,False,1808.0,
2013-08-31,5312.932,0,108.67,False,1297.0,
2013-09-01,2604.8160000000003,0,108.67,False,512.0,
2013-09-02,5619.513,0,108.67,False,1774.0,
2013-09-03,5457.1720000000005,0,108.67,False,1762.0,
2013-09-04,6430.77699,0,107.29,False,1867.0,
2013-09-05,5171.70902,0,108.5,False,1719.0,
2013-09-06,6155.6130299999995,0,110.62,False,1839.0,
2013-09-07,5474.835,0,109.62,False,1245.0,
2013-09-08,2208.753004,0,109.62,False,456.0,
2013-09-09,5344.079000000001,0,109.62,False,1781.0,
2013-09-10,4829.3150000000005,0,107.48,False,1678.0,
2013-09-11,6098.9039999999995,0,107.65,False,1828.0,
2013-09-12,5374.129,0,108.72,False,1776.0,
2013-09-13,5906.79599,0,108.31,False,1759.0,
2013-09-14,5351.597,0,106.54,False,1259.0,
2013-09-15,2554.649004,0,106.54,False,500.0,
2013-09-16,6000.15899,0,106.54,False,1778.0,
2013-09-17,5010.839,0,105.36,False,1716.0,
2013-09-18,5642.8009999999995,0,108.23,False,1882.0,
2013-09-19,5064.11799,0,106.26,False,1685.0,
2013-09-20,5621.10698,0,104.7,False,1701.0,
2013-09-21,5573.482,0,103.62,False,1304.0,
2013-09-22,2216.21,0,103.62,False,479.0,
2013-09-23,5487.169,0,103.62,False,1707.0,
2013-09-24,5622.482002,0,103.22,False,1780.0,
2013-09-25,6198.481,0,102.68,False,1829.0,
2013-09-26,5245.918,0,103.1,False,1681.0,
2013-09-27,6130.22,0,102.86,False,1772.0,
2013-09-28,5268.831,0,102.36,False,1286.0,
2013-09-29,2694.199,0,102.36,False,503.0,
2013-09-30,5716.80702,0,102.36,False,1682.0,
2013-10-01,6542.956,0,102.09,False,1744.0,
2013-10-02,7378.66,0,104.15,False,1917.0,
2013-10-03,5434.25602,0,103.29,False,1720.0,
2013-10-04,6844.98,0,103.83,False,1839.0,
2013-10-05,5555.94802,0,103.07,False,1324.0,
2013-10-06,2523.411,0,103.07,False,504.0,
2013-10-07,5765.59299,0,103.07,False,1759.0,
2013-10-08,5732.352,0,103.54,False,1721.0,
2013-10-09,6104.3669899999995,0,101.63,True,1788.0,
2013-10-10,5369.694,0,103.08,True,1692.0,
2013-10-11,4216.15304,0,102.17,False,733.0,
2013-10-12,4028.236,0,102.46,False,949.0,
2013-10-13,2329.071,0,102.46,False,464.0,
2013-10-14,5285.17,0,102.46,False,1654.0,
2013-10-15,5423.21,0,101.15,False,1761.0,
2013-10-16,6121.037,0,102.34,False,1703.0,
2013-10-17,5657.76498,0,100.72,False,1783.0,
2013-10-18,6565.253,0,100.87,False,1734.0,
2013-10-19,5723.31102,0,99.28,False,1346.0,
2013-10-20,2550.309995,0,99.28,False,500.0,
2013-10-21,5879.459,0,99.28,False,1830.0,
2013-10-22,5429.208,0,97.63,False,1687.0,
2013-10-23,6429.41099,0,96.9,False,1820.0,
2013-10-24,4811.803004,0,96.65,False,1748.0,
2013-10-25,6262.030001,0,97.4,False,1805.0,
2013-10-26,5558.935,0,98.74,False,1282.0,
2013-10-27,2676.07501,0,98.74,False,549.0,
2013-10-28,5494.163,0,98.74,False,1788.0,
2013-10-29,5739.276,0,98.29,False,1710.0,
2013-10-30,5845.980006,0,96.81,False,1815.0,
2013-10-31,5137.648,0,96.29,False,1755.0,
2013-11-01,7045.107,0,94.56,False,1878.0,
2013-11-02,5140.715,0,94.58,False,1106.0,
2013-11-03,2613.706001,0,94.58,False,515.0,
2013-11-04,5930.201,0,94.58,False,1838.0,
2013-11-05,6376.740004,0,93.4,False,1848.0,
2013-11-06,6596.109,0,94.74,False,1797.0,
2013-11-07,5574.360001,0,94.25,False,1724.0,
2013-11-08,7560.1759999999995,0,94.56,False,1859.0,
2013-11-09,5711.29,0,95.13,False,1184.0,
2013-11-10,2787.438,0,95.13,False,561.0,
2013-11-11,5828.91598,0,95.13,False,1862.0,
2013-11-12,5235.32,0,93.12,False,1814.0,
2013-11-13,7397.795,0,93.91,False,1924.0,
2013-11-14,5834.099,0,93.76,False,1832.0,
2013-11-15,6829.481,0,93.8,False,1850.0,
2013-11-16,5812.263,0,93.03,False,1346.0,
2013-11-17,2389.143,0,93.03,False,512.0,
2013-11-18,6396.04003,0,93.03,False,1881.0,
2013-11-19,6475.073999,0,93.35,False,1784.0,
2013-11-20,7099.558,0,93.34,False,1947.0,
2013-11-21,5481.0779999999995,0,95.35,False,1753.0,
2013-11-22,6937.855,0,94.53,False,1799.0,
2013-11-23,5538.412,0,93.86,False,1229.0,
2013-11-24,2329.674003,0,93.86,False,453.0,
2013-11-25,6508.036,0,93.86,False,1861.0,
2013-11-26,5917.107,0,93.41,False,1834.0,
2013-11-27,6767.215,0,92.05,False,1911.0,
2013-11-28,5409.573,0,92.55,False,1828.0,
2013-11-29,6520.255,0,92.55,False,1781.0,
2013-11-30,6046.876,0,93.61,False,1272.0,
2013-12-01,2846.616008,0,93.61,False,485.0,
2013-12-02,6691.943,0,93.61,False,1844.0,
2013-12-03,6333.197996,0,95.83,False,1812.0,
2013-12-04,9158.644999,0,96.97,False,1995.0,
2013-12-05,5920.25,0,97.14,False,1930.0,
2013-12-06,3094.035005,0,97.48,False,506.0,
2013-12-07,5387.647004,0,97.1,False,1140.0,
2013-12-08,2435.633,0,97.1,False,443.0,
2013-12-09,6442.102,0,97.1,False,1812.0,
2013-12-10,7488.41498,0,98.32,False,1992.0,
2013-12-11,8486.091,0,97.25,False,2087.0,
2013-12-12,7966.511,0,97.21,False,1945.0,
2013-12-13,7629.721,0,96.27,False,2033.0,
2013-12-14,7158.148,0,97.18,False,1507.0,
2013-12-15,3157.155,0,97.18,False,526.0,
2013-12-16,7651.485999,0,97.18,False,2161.0,
2013-12-17,6812.793000000001,0,96.99,False,2136.0,
2013-12-18,9382.83803,0,97.59,False,2337.0,
2013-12-19,7930.986,0,98.4,False,2425.0,
2013-12-20,10906.77801,0,99.11,False,2490.0,
2013-12-21,8320.063,0,98.62,False,1738.0,
2013-12-22,10901.692,0,98.62,False,1093.0,
2013-12-23,11476.883,0,98.62,False,2848.0,
2013-12-24,8536.046,0,98.87,False,2844.0,
2013-12-26,6151.595,0,99.18,False,1980.0,
2013-12-27,7440.179,0,99.94,False,2022.0,
2013-12-28,4532.439,0,98.9,False,1070.0,
2013-12-29,1819.251996,0,98.9,False,416.0,
2013-12-30,5754.39498,0,98.9,False,1388.0,
2013-12-31,4618.153,0,98.17,False,1105.0,
2014-01-01,0.0,0,95.14,False,0.0,
2014-01-02,12034.864999,0,95.14,False,1875.0,
2014-01-03,11700.4514,0,93.66,False,1817.0,
2014-01-04,10863.582,0,93.12,False,1294.0,
2014-01-05,4634.573,0,93.12,False,489.0,
2014-01-06,10766.978,0,93.12,False,1754.0,
2014-01-07,9582.605008999999,0,93.31,False,1713.0,
2014-01-08,13372.519,0,91.9,False,1955.0,
2014-01-09,9817.64,0,91.36,False,1855.0,
2014-01-10,10688.5596,0,92.39,False,1837.0,
2014-01-11,10123.369896,0,91.45,False,1300.0,
2014-01-12,4477.641,0,91.45,False,531.0,
2014-01-13,10587.845,0,91.45,False,1887.0,
2014-01-14,9212.402,0,92.15,False,1738.0,
2014-01-15,12945.315499999999,0,93.78,False,1944.0,
2014-01-16,8728.828001,0,93.54,False,1819.0,
2014-01-17,11014.48993,0,93.96,False,1889.0,
2014-01-18,10084.039,0,94.51,False,1329.0,
2014-01-19,4611.47,0,94.51,False,504.0,
2014-01-20,9262.298999999999,0,94.51,False,1791.0,
2014-01-21,10658.405,0,94.51,False,1872.0,
2014-01-22,12342.9955,0,96.35,False,1818.0,
2014-01-23,9154.47502,0,97.23,False,1744.0,
2014-01-24,11079.889104,0,96.66,False,1858.0,
2014-01-25,8688.380995,0,95.82,False,1234.0,
2014-01-26,4675.985,0,95.82,False,537.0,
2014-01-27,9643.89702,0,95.82,False,1765.0,
2014-01-28,8987.657,0,97.49,False,1746.0,
2014-01-29,12354.5677,0,97.34,False,1903.0,
2014-01-30,8977.837,0,98.25,False,1747.0,
2014-01-31,10591.1898,0,97.55,False,1872.0,
2014-02-01,6642.345,0,96.44,False,1344.0,
2014-02-02,2490.672988,0,96.44,False,502.0,
2014-02-03,6181.2740005000005,0,96.44,False,1898.0,
2014-02-04,5704.709001,0,97.24,False,1781.0,
2014-02-05,7413.17698,0,97.4,False,1909.0,
2014-02-06,5684.777,0,97.84,False,1749.0,
2014-02-07,6527.8828,0,99.98,False,1812.0,
2014-02-08,6081.824998,0,100.12,False,1335.0,
2014-02-09,2393.5139994,0,100.12,False,484.0,
2014-02-10,5819.104,0,100.12,False,1763.0,
2014-02-11,6135.15099,0,99.96,False,1768.0,
2014-02-12,7494.975996,0,100.38,False,1910.0,
2014-02-13,5631.581,0,100.27,False,1910.0,
2014-02-14,7060.89,0,100.31,False,2130.0,
2014-02-15,6569.446,0,102.54,False,1333.0,
2014-02-16,2770.94799,0,102.54,False,482.0,
2014-02-17,5684.369000000001,0,102.54,False,1807.0,
2014-02-18,6545.479,0,102.54,False,1742.0,
2014-02-19,6782.931,0,103.46,False,1918.0,
2014-02-20,5634.373,0,103.2,False,1738.0,
2014-02-21,6018.0306,0,102.53,False,1701.0,
2014-02-22,6236.9529999999995,0,103.17,False,1238.0,
2014-02-23,2334.053,0,103.17,False,463.0,
2014-02-24,6140.983,0,103.17,False,1814.0,
2014-02-25,5916.78798,0,102.2,False,1849.0,
2014-02-26,6044.604,0,102.93,False,1863.0,
2014-02-27,4832.924,0,102.68,False,1696.0,
2014-02-28,6684.7386,0,102.88,False,1880.0,
2014-03-01,8303.31698,0,105.34,False,1111.0,
2014-03-02,2341.381,0,105.34,False,346.0,
2014-03-03,2960.415,0,105.34,False,400.0,
2014-03-04,3861.036,0,103.64,False,489.0,
2014-03-05,13222.915,0,101.75,False,1905.0,
2014-03-06,10616.615099999999,0,101.82,False,1825.0,
2014-03-07,11837.09557,0,102.82,False,1827.0,
2014-03-08,9916.469,0,101.39,False,1510.0,
2014-03-09,5084.255,0,101.39,False,535.0,
2014-03-10,9983.393,0,101.39,False,1756.0,
2014-03-11,9595.985,0,100.29,False,1841.0,
2014-03-12,13517.5385,0,98.29,False,1886.0,
2014-03-13,8686.63,0,98.57,False,1752.0,
2014-03-14,10067.9343,0,99.23,False,1814.0,
2014-03-15,9029.67,0,98.43,False,1317.0,
2014-03-16,5416.576,0,98.43,False,553.0,
2014-03-17,10120.124,0,98.43,False,1837.0,
2014-03-18,9722.976999999999,0,100.08,False,1759.0,
2014-03-19,11942.6265,0,100.71,False,1896.0,
2014-03-20,8595.955,0,99.68,False,1628.0,
2014-03-21,10828.4631,0,99.97,False,1903.0,
2014-03-22,10091.754,0,100.05,False,1327.0,
2014-03-23,4504.294005,0,100.05,False,523.0,
2014-03-24,9187.036,0,100.05,False,1704.0,
2014-03-25,9468.111,0,99.66,False,1863.0,
2014-03-26,11996.316,0,100.61,False,1818.0,
2014-03-27,8356.738,0,101.25,False,1683.0,
2014-03-28,10277.430836,0,101.73,False,1862.0,
2014-03-29,10258.32,0,101.57,False,1274.0,
2014-03-30,4553.45799,0,101.57,False,505.0,
2014-03-31,9569.716002,0,101.57,False,1862.0,
2014-04-01,7030.401,0,99.69,False,1847.0,
2014-04-02,7734.189,0,99.6,False,1899.0,
2014-04-03,5534.842001,0,100.29,False,1789.0,
2014-04-04,7955.9678,0,101.16,False,1875.0,
2014-04-05,6592.68202,0,100.43,False,1393.0,
2014-04-06,3121.13,0,100.43,False,529.0,
2014-04-07,6745.32398,0,100.43,False,1936.0,
2014-04-08,5399.66002,0,102.57,False,1743.0,
2014-04-09,7089.189,0,103.55,False,1940.0,
2014-04-10,5723.5229899999995,0,103.37,False,1770.0,
2014-04-11,6603.9281,0,103.68,False,1866.0,
2014-04-12,6133.685,0,104.05,False,1340.0,
2014-04-13,2462.79199,0,104.05,False,463.0,
2014-04-14,5778.303,0,104.05,False,1880.0,
2014-04-15,5928.375,0,103.7,False,1794.0,
2014-04-16,7022.8,0,103.71,False,1915.0,
2014-04-17,5588.881998,0,104.33,False,1784.0,
2014-04-18,2998.201899,0,104.35,False,507.0,
2014-04-19,4332.51,0,104.35,False,1038.0,
2014-04-20,2432.984004,0,104.35,False,414.0,
2014-04-21,6201.18003,0,104.35,False,1776.0,
2014-04-22,5553.08,0,101.69,False,1688.0,
2014-04-23,8424.759,0,101.47,False,1935.0,
2014-04-24,5813.087,0,102.2,False,1787.0,
2014-04-25,7112.4723,0,100.85,False,1860.0,
2014-04-26,6384.50499,0,101.13,False,1234.0,
2014-04-27,2369.78,0,101.13,False,505.0,
2014-04-28,5777.804,0,101.13,False,1782.0,
2014-04-29,5882.332,0,101.56,False,1756.0,
2014-04-30,7410.025009999999,0,100.07,False,1990.0,
2014-05-01,2569.4809999999998,0,99.69,False,503.0,
2014-05-02,7872.43686,0,100.09,False,1805.0,
2014-05-03,7047.21,0,99.74,False,1326.0,
2014-05-04,2688.8559999999998,0,99.74,False,473.0,
2014-05-05,4868.707999,0,99.74,False,1460.0,
2014-05-06,7284.11498,0,99.81,False,1849.0,
2014-05-07,7393.54402,0,101.06,False,1912.0,
2014-05-08,5546.6849999999995,0,100.52,False,1727.0,
2014-05-09,7596.6694,0,100.32,False,1998.0,
2014-05-10,7075.71698,0,100.89,False,1440.0,
2014-05-11,2383.417004,0,100.89,False,595.0,
2014-05-12,6006.81502,0,100.89,False,1768.0,
2014-05-13,6703.55,0,102.01,False,1874.0,
2014-05-14,6556.992,0,102.63,False,1861.0,
2014-05-15,5704.361,0,101.74,False,1794.0,
2014-05-16,7313.1204,0,102.31,False,1797.0,
2014-05-17,6081.558994,0,102.95,False,1291.0,
2014-05-18,2589.567999,0,102.95,False,470.0,
2014-05-19,6796.845,0,102.95,False,1894.0,
2014-05-20,6606.284984,0,102.8,False,1840.0,
2014-05-21,6795.899,0,104.31,False,1932.0,
2014-05-22,5706.399004,0,104.03,False,1701.0,
2014-05-23,6328.5587000000005,0,105.01,False,1726.0,
2014-05-24,6006.517,0,104.78,False,1250.0,
2014-05-25,2395.622,0,104.78,False,499.0,
2014-05-26,6066.194001,0,104.78,False,1807.0,
2014-05-27,4984.334999,0,104.78,False,1741.0,
2014-05-28,6934.918,0,103.37,False,1903.0,
2014-05-29,5247.004,0,104.26,False,1752.0,
2014-05-30,8215.244200000001,0,103.4,False,1917.0,
2014-05-31,6041.625995,0,103.07,False,1320.0,
2014-06-01,2802.719,0,103.07,False,512.0,
2014-06-02,7120.854999,0,103.07,False,1918.0,
2014-06-03,6652.41298,0,103.34,False,1940.0,
2014-06-04,7473.020005,0,103.27,False,1930.0,
2014-06-05,6036.6959990000005,0,103.17,False,1725.0,
2014-06-06,7853.17813,0,103.32,False,1892.0,
2014-06-07,6007.947001,0,105.09,False,1325.0,
2014-06-08,2214.503996,0,105.09,False,432.0,
2014-06-09,6228.62,0,105.09,False,1786.0,
2014-06-10,5886.0440100000005,0,105.02,False,1705.0,
2014-06-11,7314.068,0,105.04,False,1872.0,
2014-06-12,5485.53602,0,107.2,False,1734.0,
2014-06-13,7256.3383,0,107.49,False,1918.0,
2014-06-14,7185.759,0,107.52,False,1447.0,
2014-06-15,1755.367,0,107.52,False,462.0,
2014-06-16,6469.287,0,107.52,False,1801.0,
2014-06-17,5810.603,0,106.95,False,1747.0,
2014-06-18,6563.048,0,106.64,False,1798.0,
2014-06-19,5595.294,0,107.08,False,1713.0,
2014-06-20,8202.7465,0,107.95,False,1880.0,
2014-06-21,6671.712,0,106.83,False,1269.0,
2014-06-22,2449.529,0,106.83,False,493.0,
2014-06-23,6320.216001,0,106.83,False,1823.0,
2014-06-24,5659.71398,0,106.64,False,1734.0,
2014-06-25,27884.728008,0,107.04,False,1747.0,
2014-06-26,6012.036,0,106.49,False,1707.0,
2014-06-27,8100.3635,0,106.46,False,1866.0,
2014-06-28,6084.97498,0,106.07,False,1300.0,
2014-06-29,2416.7680035,0,106.07,False,446.0,
2014-06-30,5970.379,0,106.07,False,1758.0,
2014-07-01,9649.17298,8,106.06,False,1749.0,
2014-07-02,14812.346,193,105.18,False,1962.0,
2014-07-03,19186.5980004,22,104.76,False,1775.0,
2014-07-04,11822.021,156,104.19,False,1918.0,
2014-07-05,8368.502,8,104.19,False,1128.0,
2014-07-06,4429.332996,7,104.19,False,499.0,
2014-07-07,10168.345014,8,104.19,False,1791.0,
2014-07-08,9100.60298,10,104.06,False,1812.0,
2014-07-09,12147.941,192,102.93,False,1821.0,
2014-07-10,9155.299999,10,103.61,False,1665.0,
2014-07-11,10780.602,164,101.48,False,1802.0,
2014-07-12,9308.511999999999,17,101.73,False,1211.0,
2014-07-13,4499.20999,5,101.73,False,538.0,
2014-07-14,9980.273,6,101.73,False,1880.0,
2014-07-15,9225.376,8,100.56,False,1812.0,
2014-07-16,11970.10502,181,101.88,False,1817.0,
2014-07-17,8708.171,12,103.84,False,1690.0,
2014-07-18,10811.153,156,103.83,False,1781.0,
2014-07-19,9713.057999999999,11,105.34,False,1233.0,
2014-07-20,3792.860001,6,105.34,False,457.0,
2014-07-21,10118.514004999999,9,105.34,False,1808.0,
2014-07-22,9679.421001,14,104.59,False,1761.0,
2014-07-23,11188.520009,189,103.81,False,1868.0,
2014-07-24,8615.948,9,102.76,False,1679.0,
2014-07-25,10000.73,155,105.23,False,1835.0,
2014-07-26,8792.46503,22,105.68,False,1236.0,
2014-07-27,3780.808,6,105.68,False,494.0,
2014-07-28,9018.717,6,105.68,False,1902.0,
2014-07-29,9249.057,7,104.91,False,1751.0,
2014-07-30,10970.33899,186,104.29,False,1845.0,
2014-07-31,9305.559,12,98.23,False,1733.0,
2014-08-01,7806.689,160,97.86,False,1930.0,
2014-08-02,6057.59,13,98.26,False,1207.0,
2014-08-03,2353.7219999999998,4,98.26,False,459.0,
2014-08-04,6894.018,8,98.26,False,1892.0,
2014-08-05,6034.11,9,97.34,False,1782.0,
2014-08-06,6307.939,15,96.93,False,1791.0,
2014-08-07,5208.132,6,97.34,False,1657.0,
2014-08-08,7653.309,166,97.61,False,1835.0,
2014-08-09,5666.582999,16,98.09,False,1216.0,
2014-08-10,2320.304,11,98.09,False,477.0,
2014-08-11,6019.558,7,98.09,False,1824.0,
2014-08-12,5236.424,7,97.36,False,1701.0,
2014-08-13,7177.144,11,97.57,False,1868.0,
2014-08-14,5829.916001,11,95.54,False,1720.0,
2014-08-15,6912.125999999999,162,97.3,False,1833.0,
2014-08-16,5782.00302,8,96.44,False,1257.0,
2014-08-17,2488.339,11,96.44,False,459.0,
2014-08-18,5838.877999,12,96.44,False,1805.0,
2014-08-19,5242.299,7,94.35,False,1670.0,
2014-08-20,6880.6880200000005,14,96.4,False,1788.0,
2014-08-21,6034.2660000000005,13,93.97,False,1685.0,
2014-08-22,6924.622,166,93.61,False,1766.0,
2014-08-23,5699.918999,13,95.39,False,1214.0,
2014-08-24,2299.636,10,95.39,False,494.0,
2014-08-25,5579.97,14,95.39,False,1789.0,
2014-08-26,5542.154,14,95.78,False,1745.0,
2014-08-27,6601.723,16,95.82,False,1846.0,
2014-08-28,4860.695,7,96.44,False,1607.0,
2014-08-29,7610.318998,161,97.86,False,1852.0,
2014-08-30,6532.2300000000005,11,92.92,False,1385.0,
2014-08-31,2912.434,3,92.92,False,512.0,
2014-09-01,10969.092,11,92.92,False,1829.0,
2014-09-02,10751.012,12,92.92,False,1792.0,
2014-09-03,12646.868,193,95.5,False,1892.0,
2014-09-04,8847.568004,12,94.51,False,1721.0,
2014-09-05,11518.21403,178,93.32,False,1779.0,
2014-09-06,10191.576,10,92.64,False,1315.0,
2014-09-07,4787.518,8,92.64,False,538.0,
2014-09-08,10839.942999,13,92.64,False,1923.0,
2014-09-09,10222.208,12,92.73,False,1809.0,
2014-09-10,12134.201,195,91.71,False,1889.0,
2014-09-11,9783.738996,10,92.89,False,1795.0,
2014-09-12,10121.306,159,92.18,False,1793.0,
2014-09-13,9576.454,19,92.86,False,1279.0,
2014-09-14,5032.4210005,5,92.86,False,537.0,
2014-09-15,9379.699,14,92.86,False,1764.0,
2014-09-16,9769.906,14,94.91,False,1748.0,
2014-09-17,12013.201995,190,94.33,False,1804.0,
2014-09-18,8527.191,17,93.07,False,1655.0,
2014-09-19,10086.329,157,92.43,False,1628.0,
2014-09-20,10740.699999,26,91.46,False,1410.0,
2014-09-21,4808.599001,7,91.46,False,478.0,
2014-09-22,8939.85,9,91.46,False,1726.0,
2014-09-23,9219.73699,9,91.55,False,1723.0,
2014-09-24,12576.187,187,93.6,False,1895.0,
2014-09-25,9321.836001,8,93.59,False,1680.0,
2014-09-26,9878.165996,153,95.55,False,1715.0,
2014-09-27,10779.00199,9,94.53,False,1250.0,
2014-09-28,4752.113,11,94.53,False,528.0,
2014-09-29,9997.416000000001,12,94.53,False,1808.0,
2014-09-30,9332.828,13,91.17,False,1711.0,
2014-10-01,14093.202,196,90.74,False,1934.0,
2014-10-02,10415.538,11,91.02,False,1752.0,
2014-10-03,12998.612017,174,89.76,False,1935.0,
2014-10-04,11982.685,19,90.33,False,1380.0,
2014-10-05,4996.582,13,90.33,False,527.0,
2014-10-06,9985.157,21,90.33,False,1736.0,
2014-10-07,9149.682,20,88.89,False,1761.0,
2014-10-08,12656.043,189,87.29,False,1768.0,
2014-10-09,9144.302,10,85.76,True,1777.0,
2014-10-10,5455.48,137,85.87,False,603.0,
2014-10-11,8605.298,13,85.73,False,1106.0,
2014-10-12,4161.074,3,85.73,False,465.0,
2014-10-13,9958.743,9,85.73,False,1801.0,
2014-10-14,10530.82402,18,81.72,False,1807.0,
2014-10-15,12210.306499999999,192,81.82,False,1872.0,
2014-10-16,9387.887,11,82.33,False,1725.0,
2014-10-17,10479.597,164,82.8,False,1741.0,
2014-10-18,11063.902,11,82.76,False,1342.0,
2014-10-19,5440.934,7,82.76,False,549.0,
2014-10-20,9833.982,10,82.76,False,1785.0,
2014-10-21,8768.161,10,83.25,False,1659.0,
2014-10-22,12626.88498,201,80.52,False,1742.0,
2014-10-23,8583.776996,25,82.81,False,1684.0,
2014-10-24,10218.456004,168,81.27,False,1708.0,
2014-10-25,9671.527005,17,81.26,False,1268.0,
2014-10-26,5161.1,14,81.26,False,523.0,
2014-10-27,10133.547998,11,81.26,False,1646.0,
2014-10-28,8414.216,16,81.36,False,1643.0,
2014-10-29,12226.11198,202,82.25,False,1857.0,
2014-10-30,9255.494999999999,5,81.06,False,1704.0,
2014-10-31,11131.58,154,80.53,False,1735.0,
2014-11-01,7928.994000000001,13,78.77,False,1103.0,
2014-11-02,3242.056,18,78.77,False,407.0,
2014-11-03,4472.1199990000005,6,78.77,False,487.0,
2014-11-04,10387.528,9,77.15,False,1670.0,
2014-11-05,14717.784,200,78.71,False,1880.0,
2014-11-06,9689.043,5,77.87,False,1731.0,
2014-11-07,10642.417997999999,168,78.71,False,1846.0,
2014-11-08,10069.003,14,77.43,False,1307.0,
2014-11-09,4750.965998000001,16,77.43,False,505.0,
2014-11-10,9189.821,10,77.43,False,1713.0,
2014-11-11,9717.118,8,77.85,False,1703.0,
2014-11-12,12185.867,199,77.16,False,1882.0,
2014-11-13,9262.553009,7,74.13,False,1692.0,
2014-11-14,9809.377,162,75.91,False,1805.0,
2014-11-15,10471.291,19,75.64,False,1329.0,
2014-11-16,5420.276,22,75.64,False,535.0,
2014-11-17,10206.562999,11,75.64,False,1776.0,
2014-11-18,10905.223,6,74.55,False,1729.0,
2014-11-19,12583.195,197,74.55,False,1805.0,
2014-11-20,9345.748,19,75.63,False,1770.0,
2014-11-21,10196.284996,172,76.52,False,1762.0,
2014-11-22,10008.385,12,75.74,False,1289.0,
2014-11-23,5028.03899,8,75.74,False,566.0,
2014-11-24,9546.543,13,75.74,False,1726.0,
2014-11-25,9275.025995,16,74.04,False,1789.0,
2014-11-26,13066.438001999999,204,73.7,False,1853.0,
2014-11-27,8407.379011,12,65.94,False,1713.0,
2014-11-28,10104.487,165,65.94,False,1820.0,
2014-11-29,9693.379004,12,68.98,False,1304.0,
2014-11-30,4868.091998,6,68.98,False,540.0,
2014-12-01,11009.652004,13,68.98,False,1953.0,
2014-12-02,9985.882999,22,66.99,False,1819.0,
2014-12-03,13598.77,195,67.3,False,1965.0,
2014-12-04,10817.062,16,66.73,False,1875.0,
2014-12-05,10996.84596,165,65.89,False,2028.0,
2014-12-06,8846.294,19,63.13,False,1065.0,
2014-12-07,4674.22,20,63.13,False,486.0,
2014-12-08,10686.636,5,63.13,False,2006.0,
2014-12-09,10861.7821,17,63.74,False,1896.0,
2014-12-10,15642.7368,204,60.99,False,1972.0,
2014-12-11,11736.021999999999,14,60.01,False,1932.0,
2014-12-12,10623.036,162,57.81,False,1951.0,
2014-12-13,10683.493994999999,17,55.96,False,1427.0,
2014-12-14,5008.342,30,55.96,False,593.0,
2014-12-15,11730.243999999999,15,55.96,False,2008.0,
2014-12-16,12286.737998999999,11,55.97,False,2026.0,
2014-12-17,13995.168,207,56.43,False,2347.0,
2014-12-18,11976.336026,13,54.18,False,2201.0,
2014-12-19,13083.348,170,56.91,False,2310.0,
2014-12-20,12562.634,21,55.25,False,1882.0,
2014-12-21,7662.177101,24,55.25,False,990.0,
2014-12-22,27486.615999999998,30,55.25,False,2594.0,
2014-12-23,13523.496,42,56.78,False,2861.0,
2014-12-24,12834.100999999999,210,55.7,False,2800.0,
2014-12-26,19403.346,302,54.59,False,1295.0,
2014-12-27,6548.209,28,53.46,False,1031.0,
2014-12-28,2818.98,6,53.46,False,398.0,
2014-12-29,9580.585,37,53.46,False,1789.0,
2014-12-30,11038.835000000001,21,54.14,False,2008.0,
2014-12-31,10756.988,207,53.45,False,2024.0,
2015-01-01,0.0,0,52.72,False,0.0,
2015-01-02,4797.803,145,52.72,False,1021.0,
2015-01-03,5270.969,20,50.05,False,1015.0,
2015-01-04,3035.146999,30,50.05,False,484.0,
2015-01-05,8494.916000000001,29,50.05,False,1956.0,
2015-01-06,6931.214004,29,47.98,False,1890.0,
2015-01-07,8341.813,23,48.69,False,1989.0,
2015-01-08,6301.89,14,48.8,False,1837.0,
2015-01-09,7622.522,171,48.35,False,1925.0,
2015-01-10,7375.163,9,46.06,False,1534.0,
2015-01-11,2930.321,8,46.06,False,507.0,
2015-01-12,7320.509,23,46.06,False,1929.0,
2015-01-13,7260.772019999999,16,45.92,False,1877.0,
2015-01-14,7455.8150000000005,42,48.49,False,1936.0,
2015-01-15,5525.603,7,46.37,False,1796.0,
2015-01-16,7622.985,172,48.49,False,1713.0,
2015-01-17,7521.470998,9,46.79,False,1473.0,
2015-01-18,2915.434,3,46.79,False,517.0,
2015-01-19,7185.957,13,46.79,False,1955.0,
2015-01-20,6244.418000000001,10,46.79,False,1885.0,
2015-01-21,7495.845,9,47.85,False,1955.0,
2015-01-22,6531.595,7,45.93,False,1737.0,
2015-01-23,7298.337,166,45.26,False,1885.0,
2015-01-24,6537.567,6,44.8,False,1400.0,
2015-01-25,2610.260998,7,44.8,False,516.0,
2015-01-26,6404.881,7,44.8,False,1864.0,
2015-01-27,5989.554,15,45.84,False,1738.0,
2015-01-28,7486.48202,8,44.08,False,1901.0,
2015-01-29,6773.12702,14,44.12,False,1781.0,
2015-01-30,8636.572002,163,47.79,False,1888.0,
2015-01-31,7274.061,6,49.25,False,1398.0,
2015-02-01,3249.462,9,49.25,False,502.0,
2015-02-02,7915.997,20,49.25,False,1831.0,
2015-02-03,7162.597,12,53.04,False,1844.0,
2015-02-04,7345.590999999999,24,48.45,False,1894.0,
2015-02-05,5934.152986,13,50.48,False,1774.0,
2015-02-06,7519.287,183,51.66,False,1865.0,
2015-02-07,6761.33098,24,52.99,False,1408.0,
2015-02-08,3035.288,8,52.99,False,490.0,
2015-02-09,6558.348980000001,11,52.99,False,1792.0,
2015-02-10,6830.423,17,50.06,False,1790.0,
2015-02-11,6718.368,20,48.8,False,1914.0,
2015-02-12,6056.028,9,51.17,False,1816.0,
2015-02-13,7323.950989,164,52.66,False,2099.0,
2015-02-14,5419.901,11,53.56,False,1235.0,
2015-02-15,1926.741,7,53.56,False,378.0,
2015-02-16,2053.522,5,53.56,False,449.0,
2015-02-17,1858.5620000000001,18,53.56,False,486.0,
2015-02-18,7123.381,14,52.13,False,1942.0,
2015-02-19,5408.486,5,51.12,False,1554.0,
2015-02-20,7950.327,169,49.95,False,1866.0,
2015-02-21,7214.185,9,49.56,False,1530.0,
2015-02-22,2932.0750000000003,2,49.56,False,524.0,
2015-02-23,6769.553,6,49.56,False,1763.0,
2015-02-24,6157.185001,8,48.48,False,1756.0,
2015-02-25,7147.01298,14,50.25,False,1923.0,
2015-02-26,5764.931999,8,47.65,False,1746.0,
2015-02-27,7717.962,162,49.84,False,1877.0,
2015-02-28,6960.8,8,49.59,False,1425.0,
2015-03-01,3324.632,10,49.59,False,522.0,
2015-03-02,6953.34,9,49.59,False,1823.0,
2015-03-03,7073.354,15,50.43,False,1791.0,
2015-03-04,7540.497,17,51.53,False,1918.0,
2015-03-05,6554.471,14,50.76,False,1734.0,
2015-03-06,7240.657999999999,161,49.61,False,1865.0,
2015-03-07,7828.779001,8,49.95,False,1468.0,
2015-03-08,2879.174995,10,49.95,False,506.0,
2015-03-09,8072.94,11,49.95,False,1883.0,
2015-03-10,6833.652,11,48.42,False,1829.0,
2015-03-11,7774.883,13,48.06,False,1893.0,
2015-03-12,5766.168,10,47.12,False,1758.0,
2015-03-13,8347.092,169,44.88,False,1869.0,
2015-03-14,7518.053976,14,43.93,False,1377.0,
2015-03-15,2918.190998,9,43.93,False,502.0,
2015-03-16,6853.39699,10,43.93,False,1833.0,
2015-03-17,6218.916,13,43.39,False,1713.0,
2015-03-18,6410.72501,15,44.63,False,1780.0,
2015-03-19,6548.7370005,15,44.02,False,1700.0,
2015-03-20,8245.05602,159,46.0,False,1821.0,
2015-03-21,7184.04,9,47.4,False,1361.0,
2015-03-22,2979.585,12,47.4,False,534.0,
2015-03-23,6491.462,10,47.4,False,1805.0,
2015-03-24,6742.714,20,47.03,False,1726.0,
2015-03-25,7049.156,14,48.75,False,1890.0,
2015-03-26,5704.197,6,51.41,False,1607.0,
2015-03-27,7472.078028,163,48.83,False,1895.0,
2015-03-28,6809.218,8,48.66,False,1279.0,
2015-03-29,2783.5039859999997,17,48.66,False,458.0,
2015-03-30,5858.376,19,48.66,False,1753.0,
2015-03-31,6781.097,14,47.72,False,1901.0,
2015-04-01,8213.818,24,50.12,False,1988.0,
2015-04-02,7032.032,11,49.13,False,1816.0,
2015-04-03,2728.186,122,52.08,False,492.0,
2015-04-04,5479.481,13,52.08,False,1151.0,
2015-04-05,2643.16,10,52.08,False,461.0,
2015-04-06,7388.703,11,52.08,False,1815.0,
2015-04-07,7083.305,12,53.95,False,1862.0,
2015-04-08,7925.73098,14,50.44,False,1839.0,
2015-04-09,6211.811996,13,50.79,False,1766.0,
2015-04-10,7963.008,177,51.63,False,1897.0,
2015-04-11,7054.226,14,51.95,False,1386.0,
2015-04-12,2674.19298,12,51.95,False,493.0,
2015-04-13,6678.795,16,51.95,False,1846.0,
2015-04-14,5800.545,7,53.3,False,1680.0,
2015-04-15,6939.186,16,56.25,False,1862.0,
2015-04-16,6435.694996,20,56.69,False,1785.0,
2015-04-17,6961.3590300000005,168,55.71,False,1727.0,
2015-04-18,7204.217,19,56.37,False,1414.0,
2015-04-19,3230.33,19,56.37,False,524.0,
2015-04-20,6955.54,20,56.37,False,1887.0,
2015-04-21,7215.342001,20,55.58,False,1780.0,
2015-04-22,9754.941,23,56.17,False,1894.0,
2015-04-23,6407.665,24,56.59,False,1798.0,
2015-04-24,7730.524005,187,55.98,False,1904.0,
2015-04-25,6822.64102,26,55.56,False,1344.0,
2015-04-26,2857.678,38,55.56,False,513.0,
2015-04-27,6661.12702,18,55.56,False,1822.0,
2015-04-28,5705.07101,26,57.05,False,1759.0,
2015-04-29,6987.636,28,58.55,False,1845.0,
2015-04-30,6794.165,29,59.62,False,1789.0,
2015-05-01,2707.398,135,59.1,False,476.0,
2015-05-02,7231.594,15,58.92,False,1221.0,
2015-05-03,2732.77,16,58.92,False,477.0,
2015-05-04,7291.053,21,58.92,False,1810.0,
2015-05-05,7244.744,26,60.38,False,1819.0,
2015-05-06,8395.354998,38,60.93,False,1973.0,
2015-05-07,6711.381,15,58.99,False,1837.0,
2015-05-08,8748.51098,174,59.41,False,2087.0,
2015-05-09,8369.26198,20,59.23,False,1532.0,
2015-05-10,2382.026,13,59.23,False,597.0,
2015-05-11,7290.303,32,59.23,False,1917.0,
2015-05-12,7231.055981,18,60.72,False,1849.0,
2015-05-13,8133.482,21,60.5,False,1910.0,
2015-05-14,6096.641,17,59.89,False,1764.0,
2015-05-15,7561.8679999999995,179,59.73,False,1785.0,
2015-05-16,7289.329004,29,59.44,False,1285.0,
2015-05-17,3015.681,10,59.44,False,500.0,
2015-05-18,7026.321,14,59.44,False,1884.0,
2015-05-19,7511.659,10,57.3,False,1747.0,
2015-05-20,8375.775,25,58.96,False,1928.0,
2015-05-21,6775.157,19,60.18,False,1738.0,
2015-05-22,8283.12998,173,58.88,False,1878.0,
2015-05-23,7028.643,13,57.29,False,1264.0,
2015-05-24,3314.924,34,57.29,False,524.0,
2015-05-25,7800.116,18,57.29,False,1853.0,
2015-05-26,7897.662005,12,57.29,False,1778.0,
2015-05-27,8700.202,45,57.51,False,1897.0,
2015-05-28,7361.214,13,57.69,False,1737.0,
2015-05-29,8799.685003999999,179,60.25,False,1932.0,
2015-05-30,8802.474,17,60.24,False,1334.0,
2015-05-31,3854.498,20,60.24,False,505.0,
2015-06-01,10818.649996,24,60.24,False,1861.0,
2015-06-02,11220.017,10,61.3,False,1852.0,
2015-06-03,15224.785004,213,59.67,False,1964.0,
2015-06-04,9580.316,16,58.0,False,1871.0,
2015-06-05,12002.99,177,59.11,False,1921.0,
2015-06-06,10939.875,29,58.15,False,1397.0,
2015-06-07,3906.407,18,58.15,False,475.0,
2015-06-08,11190.642976,13,58.15,False,1821.0,
2015-06-09,9290.694,22,60.15,False,1773.0,
2015-06-10,12264.93802,215,61.36,False,1852.0,
2015-06-11,9291.9571,17,60.74,False,1789.0,
2015-06-12,10896.572,184,59.96,False,1849.0,
2015-06-13,10652.519,46,59.53,False,1282.0,
2015-06-14,5093.6009995,6,59.53,False,524.0,
2015-06-15,10368.812,22,59.53,False,1800.0,
2015-06-16,10782.219,36,60.01,False,1835.0,
2015-06-17,13632.878999999999,229,59.89,False,1888.0,
2015-06-18,9501.738,44,60.41,False,1831.0,
2015-06-19,11995.303,182,59.62,False,1872.0,
2015-06-20,11892.822998,47,60.01,False,1391.0,
2015-06-21,4066.430002,32,60.01,False,518.0,
2015-06-22,10925.374,29,60.01,False,1824.0,
2015-06-23,10133.630000000001,31,61.05,False,1792.0,
2015-06-24,12143.965001,251,60.01,False,1792.0,
2015-06-25,27784.574997,51,59.59,False,1708.0,
2015-06-26,10684.28,165,59.41,False,1829.0,
2015-06-27,10663.54702,20,58.34,False,1301.0,
2015-06-28,5360.274,7,58.34,False,539.0,
2015-06-29,10540.696,11,58.34,False,1838.0,
2015-06-30,10627.11,20,59.48,False,1881.0,
2015-07-01,14017.068,210,56.94,False,1947.0,
2015-07-02,10896.185,9,56.93,False,1846.0,
2015-07-03,29346.268,358,52.48,False,2012.0,
2015-07-04,10654.451996,15,52.48,False,1264.0,
2015-07-05,3709.089,34,52.48,False,514.0,
2015-07-06,7419.557102,10,52.48,False,1338.0,
2015-07-07,0.0,0,52.33,False,0.0,
2015-07-08,13489.635,210,51.61,False,2015.0,
2015-07-09,11945.477,19,52.76,False,1983.0,
2015-07-10,11837.584,169,52.74,False,1980.0,
2015-07-11,10827.921,14,52.19,False,1500.0,
2015-07-12,4177.606,12,52.19,False,492.0,
2015-07-13,10697.79202,18,52.19,False,1930.0,
2015-07-14,10799.032000000001,17,53.05,False,1837.0,
2015-07-15,13195.295,215,51.4,False,1925.0,
2015-07-16,9919.048,19,50.9,False,1774.0,
2015-07-17,13125.63702,180,50.88,False,1830.0,
2015-07-18,9208.722,19,50.11,False,1156.0,
2015-07-19,3800.270999,11,50.11,False,436.0,
2015-07-20,11011.89198,31,50.11,False,1861.0,
2015-07-21,9104.631,31,50.59,False,1734.0,
2015-07-22,11947.509,227,49.27,False,1810.0,
2015-07-23,9161.459996,22,48.11,False,1688.0,
2015-07-24,10920.393996,185,47.98,False,1820.0,
2015-07-25,9325.047999999999,35,47.17,False,1192.0,
2015-07-26,4316.108,27,47.17,False,498.0,
2015-07-27,10285.238025,28,47.17,False,1703.0,
2015-07-28,10234.318,27,47.97,False,1756.0,
2015-07-29,11816.024,224,48.77,False,1815.0,
2015-07-30,8889.634,26,48.53,False,1687.0,
2015-07-31,11201.103,194,47.11,False,1847.0,
2015-08-01,10732.418,19,45.25,False,1287.0,
2015-08-02,4353.509001,38,45.25,False,503.0,
2015-08-03,11232.437,22,45.25,False,1882.0,
2015-08-04,11271.805,26,45.75,False,1857.0,
2015-08-05,13591.66798,221,45.13,False,1857.0,
2015-08-06,9605.14298,18,44.69,False,1785.0,
2015-08-07,11324.413002,183,43.87,False,1869.0,
2015-08-08,7799.07799,17,44.94,False,1087.0,
2015-08-09,3415.9280005,18,44.94,False,376.0,
2015-08-10,3297.028,12,44.94,False,477.0,
2015-08-11,10789.077001,34,43.11,False,1802.0,
2015-08-12,12936.002,219,43.22,False,1827.0,
2015-08-13,8779.985,24,42.27,False,1499.0,
2015-08-14,13938.9,182,42.45,False,1882.0,
2015-08-15,12373.519,25,41.93,False,1379.0,
2015-08-16,3926.107,14,41.93,False,456.0,
2015-08-17,10466.366,18,41.93,False,1683.0,
2015-08-18,9904.44302,21,42.58,False,1811.0,
2015-08-19,11504.925,214,40.75,False,1844.0,
2015-08-20,9398.781004,26,41.0,False,1752.0,
2015-08-21,11087.339,188,40.45,False,1794.0,
2015-08-22,9964.302001,34,38.22,False,1209.0,
2015-08-23,3763.293008,18,38.22,False,427.0,
2015-08-24,10101.542019999999,19,38.22,False,1801.0,
2015-08-25,9781.127996000001,26,39.15,False,1749.0,
2015-08-26,12433.10302,226,38.5,False,1740.0,
2015-08-27,9429.452,21,42.47,False,1679.0,
2015-08-28,10835.361,181,45.29,False,1832.0,
2015-08-29,10441.452979,32,49.2,False,1253.0,
2015-08-30,4213.56,20,49.2,False,472.0,
2015-08-31,10322.236,23,49.2,False,1785.0,
2015-09-01,10823.671999999999,23,45.38,False,1769.0,
2015-09-02,14177.1541,213,46.3,False,1892.0,
2015-09-03,11522.89,10,46.75,False,1744.0,
2015-09-04,12174.21304,182,46.02,False,1771.0,
2015-09-05,11078.508996,33,45.92,False,1265.0,
2015-09-06,4625.906988,13,45.92,False,521.0,
2015-09-07,10480.783001,21,45.92,False,1767.0,
2015-09-08,10211.097996,25,45.92,False,1773.0,
2015-09-09,13040.415,215,44.13,False,1822.0,
2015-09-10,8941.558,23,45.85,False,1670.0,
2015-09-11,11486.983,192,44.75,False,1881.0,
2015-09-12,11174.742,22,44.07,False,1264.0,
2015-09-13,4580.307,14,44.07,False,459.0,
2015-09-14,11033.97902,21,44.07,False,1762.0,
2015-09-15,9584.504005,20,44.58,False,1631.0,
2015-09-16,13039.082,218,47.12,False,1789.0,
2015-09-17,9516.80601,27,46.93,False,1672.0,
2015-09-18,11796.214,189,44.71,False,1823.0,
2015-09-19,11620.016,21,46.67,False,1349.0,
2015-09-20,4794.836998,21,46.67,False,494.0,
2015-09-21,10235.09098,23,46.67,False,1756.0,
2015-09-22,10459.358998,28,46.17,False,1770.0,
2015-09-23,12247.307996,219,44.53,False,1844.0,
2015-09-24,9829.34,24,44.94,False,1747.0,
2015-09-25,11487.514000000001,187,45.55,False,1819.0,
2015-09-26,11807.678,40,44.4,False,1297.0,
2015-09-27,5477.675,21,44.4,False,541.0,
2015-09-28,10526.361001,21,44.4,False,1772.0,
2015-09-29,9930.759,24,45.24,False,1733.0,
2015-09-30,13924.853,231,45.06,False,1785.0,
2015-10-01,10349.178,27,44.75,False,1646.0,
2015-10-02,12496.113,188,45.54,False,1856.0,
2015-10-03,13521.371998,24,46.28,False,1346.0,
2015-10-04,5665.602001,11,46.28,False,534.0,
2015-10-05,12970.47302,30,46.28,False,1697.0,
2015-10-06,10625.603004999999,23,48.53,False,1749.0,
2015-10-07,12806.892,224,47.86,False,1815.0,
2015-10-08,10490.668,24,49.46,False,1732.0,
2015-10-09,5316.309,147,49.67,False,570.0,
2015-10-10,8891.894,20,47.09,False,1105.0,
2015-10-11,4047.962,26,47.09,False,488.0,
2015-10-12,10893.578,24,47.09,False,1730.0,
2015-10-13,9934.782,18,46.7,False,1659.0,
2015-10-14,12616.05704,228,46.63,False,1746.0,
2015-10-15,9524.846996,19,46.38,False,1725.0,
2015-10-16,13036.786,189,47.3,False,1873.0,
2015-10-17,12073.70598,21,45.91,False,1371.0,
2015-10-18,6190.317,17,45.91,False,590.0,
2015-10-19,11361.91298,22,45.91,False,1798.0,
2015-10-20,10732.539896,8,45.84,False,1728.0,
2015-10-21,11876.420004,211,45.22,False,1853.0,
2015-10-22,9146.047,9,44.9,False,1654.0,
2015-10-23,11912.931004,171,43.91,False,1805.0,
2015-10-24,10840.862995,9,43.19,False,1270.0,
2015-10-25,5281.570998,5,43.19,False,573.0,
2015-10-26,10506.740004,7,43.19,False,1741.0,
2015-10-27,10108.646999999999,5,43.21,False,1749.0,
2015-10-28,12580.23802,215,45.93,False,1784.0,
2015-10-29,9171.836,19,46.02,False,1658.0,
2015-10-30,10831.515,194,46.6,False,1871.0,
2015-10-31,8829.708,22,46.12,False,1119.0,
2015-11-01,2994.41,12,46.12,False,369.0,
2015-11-02,3036.4749995,12,46.12,False,423.0,
2015-11-03,4814.29999,17,47.88,False,499.0,
2015-11-04,14878.463,236,46.32,False,1846.0,
2015-11-05,10880.690999999999,33,45.27,False,1720.0,
2015-11-06,11690.851,210,44.32,False,1765.0,
2015-11-07,11374.563,27,43.87,False,1281.0,
2015-11-08,5886.876,20,43.87,False,546.0,
2015-11-09,10443.728000000001,32,43.87,False,1744.0,
2015-11-10,9714.440999999999,28,44.23,False,1780.0,
2015-11-11,13168.33,236,42.95,False,1872.0,
2015-11-12,9525.952,38,41.74,False,1829.0,
2015-11-13,11240.863996,211,40.69,False,1789.0,
2015-11-14,10718.807995000001,36,41.68,False,1343.0,
2015-11-15,5303.268,43,41.68,False,502.0,
2015-11-16,10977.735999999999,42,41.68,False,1787.0,
2015-11-17,9994.93801,36,40.73,False,1727.0,
2015-11-18,12271.98,277,40.75,False,1825.0,
2015-11-19,10322.622995,48,40.55,False,1810.0,
2015-11-20,12022.107,207,39.39,False,1817.0,
2015-11-21,10760.010994,48,39.27,False,1321.0,
2015-11-22,5430.128998,33,39.27,False,531.0,
2015-11-23,11290.93498,36,39.27,False,1858.0,
2015-11-24,10622.567000000001,40,40.89,False,1789.0,
2015-11-25,12388.645,258,41.22,False,1805.0,
2015-11-26,9986.053,33,40.57,False,1746.0,
2015-11-27,11484.111,203,40.57,False,1862.0,
2015-11-28,10330.686,18,40.43,False,1258.0,
2015-11-29,4798.263001,24,40.43,False,509.0,
2015-11-30,12012.977,30,40.43,False,1943.0,
2015-12-01,12664.0,56,40.58,False,1905.0,
2015-12-02,13733.519004,259,39.93,False,1994.0,
2015-12-03,11284.07899,29,41.08,False,1925.0,
2015-12-04,12985.974,199,40.0,False,2083.0,
2015-12-05,11084.104000000001,25,37.64,False,1294.0,
2015-12-06,5145.028,32,37.64,False,532.0,
2015-12-07,12532.267,35,37.64,False,1945.0,
2015-12-08,10711.84701,31,37.46,False,1863.0,
2015-12-09,14404.59802,251,37.16,False,1988.0,
2015-12-10,11815.342,31,36.76,False,1900.0,
2015-12-11,11765.727979,197,35.65,False,2035.0,
2015-12-12,10731.189,56,36.31,False,1463.0,
2015-12-13,5255.996,18,36.31,False,557.0,
2015-12-14,11772.483,27,36.31,False,1995.0,
2015-12-15,16521.089016,57,37.32,False,2025.0,
2015-12-16,15815.478000000001,284,35.55,False,2241.0,
2015-12-17,12218.27397,41,34.98,False,2169.0,
2015-12-18,14401.484,200,34.72,False,2252.0,
2015-12-19,13374.578,30,34.55,False,1625.0,
2015-12-20,6992.16301,53,34.55,False,860.0,
2015-12-21,14565.814,28,34.55,False,2364.0,
2015-12-22,29692.14201,76,36.12,False,2612.0,
2015-12-23,16290.52,249,36.76,False,2833.0,
2015-12-24,13042.847,28,37.62,False,2775.0,
2015-12-26,8012.843,43,36.36,False,1149.0,
2015-12-27,3182.498,22,36.36,False,395.0,
2015-12-28,9120.024,21,36.36,False,1775.0,
2015-12-29,9893.204,17,37.88,False,1761.0,
2015-12-30,14354.578,253,36.59,False,2091.0,
2015-12-31,10587.376,30,37.13,False,2025.0,
2016-01-01,0.0,0,36.81,False,0.0,
2016-01-02,8877.175,52,36.81,False,0.0,
2016-01-03,5119.277,22,36.81,False,0.0,
2016-01-04,14619.33902,21,36.81,False,10.0,
2016-01-05,12060.107,41,35.97,False,1840.0,
2016-01-06,15928.654,246,33.97,False,1996.0,
2016-01-07,10556.557,14,33.29,False,1822.0,
2016-01-08,12306.13303,183,33.2,False,1823.0,
2016-01-09,11423.130996,18,31.42,False,1331.0,
2016-01-10,4931.47,33,31.42,False,507.0,
2016-01-11,10816.629981,19,31.42,False,1767.0,
2016-01-12,11643.1551,29,30.42,False,1744.0,
2016-01-13,12719.306999999999,256,30.42,False,1729.0,
2016-01-14,11683.193,43,31.22,False,1782.0,
2016-01-15,10941.234024,190,29.45,False,1872.0,
2016-01-16,11929.99702,34,28.47,False,1329.0,
2016-01-17,5321.608001,38,28.47,False,513.0,
2016-01-18,11606.992003,33,28.47,False,1854.0,
2016-01-19,10171.57902,52,28.47,False,1718.0,
2016-01-20,13638.985,280,26.68,False,1885.0,
2016-01-21,8854.23402,5,29.55,False,1667.0,
2016-01-22,12126.907,178,32.07,False,1763.0,
2016-01-23,10662.263995,13,30.31,False,1322.0,
2016-01-24,4763.883998,10,30.31,False,541.0,
2016-01-25,10930.072001,7,30.31,False,1726.0,
2016-01-26,10015.910995,11,29.54,False,1765.0,
2016-01-27,12924.733999999999,222,32.32,False,1884.0,
2016-01-28,9381.658,61,33.21,False,1753.0,
2016-01-29,11233.454,236,33.66,False,1761.0,
2016-01-30,11390.704,70,31.62,False,1339.0,
2016-01-31,5120.153,52,31.62,False,529.0,
2016-02-01,11688.280001000001,72,31.62,False,1787.0,
2016-02-02,10655.793,72,29.9,False,1782.0,
2016-02-03,14724.247,299,32.29,False,1878.0,
2016-02-04,10220.617,94,31.63,False,1811.0,
2016-02-05,11216.751975,265,30.86,False,1934.0,
2016-02-06,10244.838,108,29.71,False,1190.0,
2016-02-07,2876.325,55,29.71,False,401.0,
2016-02-08,3072.805996,46,29.71,False,417.0,
2016-02-09,4195.352001,62,27.96,False,502.0,
2016-02-10,13452.689,309,27.54,False,1859.0,
2016-02-11,10812.941004,92,26.19,False,1679.0,
2016-02-12,12557.833,257,29.32,False,1934.0,
2016-02-13,11195.6099,93,29.05,False,1561.0,
2016-02-14,4687.693997,75,29.05,False,558.0,
2016-02-15,10982.73802,92,29.05,False,1810.0,
2016-02-16,11976.383,33,29.05,False,1671.0,
2016-02-17,13849.123,246,30.68,False,1888.0,
2016-02-18,9562.982,39,30.77,False,1746.0,
2016-02-19,12247.982,208,29.59,False,1856.0,
2016-02-20,12201.807999999999,42,31.37,False,1553.0,
2016-02-21,5360.734998,23,31.37,False,506.0,
2016-02-22,10921.543,30,31.37,False,1758.0,
2016-02-23,10211.301000000001,26,31.84,False,1768.0,
2016-02-24,12944.691,255,30.35,False,1833.0,
2016-02-25,8975.213,14,31.4,False,1689.0,
2016-02-26,11287.46,237,31.65,False,1774.0,
2016-02-27,11155.342,75,32.74,False,1314.0,
2016-02-28,4391.388,56,32.74,False,463.0,
2016-02-29,10864.044,38,32.74,False,1731.0,
2016-03-01,11442.525,43,34.39,False,1751.0,
2016-03-02,14227.7637,256,34.57,False,1914.0,
2016-03-03,9907.659,47,34.56,False,1728.0,
2016-03-04,13024.52608,223,35.91,False,1781.0,
2016-03-05,12215.609999999999,52,37.9,False,1349.0,
2016-03-06,5326.90499,35,37.9,False,541.0,
2016-03-07,10398.266999,47,37.9,False,1762.0,
2016-03-08,9925.632,0,36.67,False,1820.0,
2016-03-09,13101.241,262,37.62,False,1768.0,
2016-03-10,9478.16,37,37.77,False,1700.0,
2016-03-11,11767.093,228,38.51,False,1833.0,
2016-03-12,11222.854,49,37.2,False,1354.0,
2016-03-13,4875.2819995,35,37.2,False,491.0,
2016-03-14,10366.963,52,37.2,False,1761.0,
2016-03-15,10418.358004,46,36.32,False,1642.0,
2016-03-16,13500.63398,261,38.43,False,1851.0,
2016-03-17,9876.26,105,40.17,False,1660.0,
2016-03-18,11310.90203,236,39.47,False,1861.0,
2016-03-19,11322.238,76,39.91,False,1362.0,
2016-03-20,5254.490998,42,39.91,False,498.0,
2016-03-21,10265.368999999999,75,39.91,False,1767.0,
2016-03-22,9954.13,57,41.45,False,1687.0,
2016-03-23,12646.128,273,38.28,False,1799.0,
2016-03-24,12450.442998,61,38.14,False,1822.0,
2016-03-25,4112.867,140,37.99,False,521.0,
2016-03-26,7583.2570000000005,58,37.99,False,1041.0,
2016-03-27,4301.589,33,37.99,False,475.0,
2016-03-28,10090.241,58,37.99,False,1594.0,
2016-03-29,11029.38,56,36.91,False,1743.0,
2016-03-30,12195.649,275,36.91,False,1654.0,
2016-03-31,10097.373,57,36.94,False,1714.0,
2016-04-01,13478.62,239,35.36,False,1797.0,
2016-04-02,12069.150979,58,34.3,False,1295.0,
2016-04-03,5694.664004,39,34.3,False,598.0,
2016-04-04,11356.597021,57,34.3,False,1721.0,
2016-04-05,10535.975,54,34.52,False,1753.0,
2016-04-06,13216.21302,286,37.74,False,1764.0,
2016-04-07,10163.651,84,37.3,False,1708.0,
2016-04-08,11363.352,271,39.74,False,1763.0,
2016-04-09,10749.706,100,40.46,False,1277.0,
2016-04-10,5046.561004,66,40.46,False,534.0,
2016-04-11,10336.687001,102,40.46,False,1656.0,
2016-04-12,9775.691,94,42.12,False,1768.0,
2016-04-13,12728.69002,350,41.7,False,1826.0,
2016-04-14,9432.008,30,41.45,False,1662.0,
2016-04-15,11725.045,202,40.4,False,1771.0,
2016-04-16,10527.32201,43,39.74,False,1333.0,
2016-04-17,7741.658,33,39.74,False,575.0,
2016-04-18,21788.9,32,39.74,False,2133.0,
2016-04-19,20811.844,42,40.88,False,2079.0,
2016-04-20,18575.06,311,42.72,False,2073.0,
2016-04-21,27275.558,216,43.18,False,1852.0,
2016-04-22,15088.342999999999,254,42.76,False,1916.0,
2016-04-23,11701.438,89,41.67,False,1357.0,
2016-04-24,5721.287,103,41.67,False,513.0,
2016-04-25,9837.596,94,41.67,False,1624.0,
2016-04-26,10411.154,103,42.52,False,1727.0,
2016-04-27,12491.929001,325,45.29,False,1761.0,
2016-04-28,10710.40198,136,46.03,False,1718.0,
2016-04-29,12093.106999,306,45.98,False,1903.0,
2016-04-30,11891.135,160,44.75,False,1314.0,
2016-05-01,11496.732,218,44.75,False,550.0,
2016-05-02,11469.481,87,44.75,False,1722.0,
2016-05-03,10635.6581,93,43.65,False,1726.0,
2016-05-04,14285.435,338,43.77,False,1876.0,
2016-05-05,10964.97,113,44.33,False,1810.0,
2016-05-06,13110.13,267,44.58,False,2076.0,
2016-05-07,25702.824,186,43.45,False,1486.0,
2016-05-08,8478.534,126,43.45,False,586.0,
2016-05-09,11749.036996,104,43.45,False,1692.0,
2016-05-10,9276.519,94,44.68,False,1596.0,
2016-05-11,13033.325999,282,46.21,False,1828.0,
2016-05-12,18855.149998,148,46.64,False,1682.0,
2016-05-13,11462.110995000001,235,46.22,False,1829.0,
2016-05-14,11160.271999999999,77,47.72,False,1289.0,
2016-05-15,5386.157,41,47.72,False,543.0,
2016-05-16,12300.916004,85,47.72,False,1794.0,
2016-05-17,10884.85,74,48.29,False,1688.0,
2016-05-18,12762.789,297,48.12,False,1687.0,
2016-05-19,9360.158,70,48.16,False,1697.0,
2016-05-20,12091.8381,271,47.67,False,1843.0,
2016-05-21,11420.773000000001,70,48.12,False,1320.0,
2016-05-22,4919.231,46,48.12,False,516.0,
2016-05-23,10053.379,77,48.12,False,1756.0,
2016-05-24,9161.781,75,48.04,True,1709.0,
2016-05-25,12181.12301,290,49.1,True,1745.0,
2016-05-26,10560.148000000001,133,49.0,True,1669.0,
2016-05-27,5733.468,232,49.36,False,612.0,
2016-05-28,8369.976998,122,49.1,False,1091.0,
2016-05-29,4427.090002,89,49.1,False,474.0,
2016-05-30,10979.74,125,49.1,False,1724.0,
2016-05-31,12266.418001,161,49.1,False,1769.0,
2016-06-01,14458.383001,363,49.07,False,1898.0,
2016-06-02,9705.669,135,49.14,False,1637.0,
2016-06-03,13409.14998,267,48.69,False,1804.0,
2016-06-04,11465.810000000001,118,49.71,False,1261.0,
2016-06-05,4929.354,71,49.71,False,489.0,
2016-06-06,11100.488,113,49.71,False,1759.0,
2016-06-07,10283.342999999999,101,50.37,False,1743.0,
2016-06-08,13536.554,341,51.23,False,1811.0,
2016-06-09,8121.008,100,50.52,False,1577.0,
2016-06-10,12087.85497,286,49.09,False,1817.0,
2016-06-11,10788.66,109,48.89,False,1237.0,
2016-06-12,4864.933003,75,48.89,False,506.0,
2016-06-13,10556.533,112,48.89,False,1755.0,
2016-06-14,9464.089,98,48.49,False,1746.0,
2016-06-15,13223.444994,358,47.92,False,1837.0,
2016-06-16,9832.851,100,46.14,False,1788.0,
2016-06-17,11649.69499,288,48.0,False,1831.0,
2016-06-18,11453.529,115,49.4,False,1386.0,
2016-06-19,4765.486004,83,49.4,False,570.0,
2016-06-20,10805.30802,115,49.4,False,1787.0,
2016-06-21,9622.353,122,48.95,False,1623.0,
2016-06-22,13056.30502,352,49.16,False,1846.0,
2016-06-23,9335.041000000001,105,49.34,False,1609.0,
2016-06-24,10689.319001,280,46.7,False,1705.0,
2016-06-25,32575.047000000002,360,45.8,False,1241.0,
2016-06-26,5208.754,100,45.8,False,485.0,
2016-06-27,10682.921996,122,45.8,False,1775.0,
2016-06-28,10853.039999999999,105,47.93,False,1699.0,
2016-06-29,11766.3019,315,49.85,False,1765.0,
2016-06-30,9096.679,107,48.27,False,1622.0,
2016-07-01,13323.116,273,49.02,False,1876.0,
2016-07-02,11189.01,95,46.73,False,1253.0,
2016-07-03,10380.052002,172,46.73,False,500.0,
2016-07-04,11803.014,117,46.73,False,1790.0,
2016-07-05,10130.962,111,46.73,False,1655.0,
2016-07-06,13442.464001,431,47.37,False,1826.0,
2016-07-07,9581.654,139,45.22,False,1712.0,
2016-07-08,12255.994996,304,45.37,False,1780.0,
2016-07-09,10081.31,121,44.73,False,1276.0,
2016-07-10,4455.012,99,44.73,False,530.0,
2016-07-11,9984.0429995,156,44.73,False,1712.0,
2016-07-12,9085.744999999999,138,46.82,False,1648.0,
2016-07-13,13147.682,322,44.87,False,1792.0,
2016-07-14,9209.611,69,45.64,False,1719.0,
2016-07-15,12075.518,255,45.93,False,1673.0,
2016-07-16,11613.16,78,45.23,False,1339.0,
2016-07-17,4815.242,49,45.23,False,470.0,
2016-07-18,10712.03,66,45.23,False,1766.0,
2016-07-19,9928.27,69,44.64,False,1749.0,
2016-07-20,12154.349001,295,44.96,False,1816.0,
2016-07-21,9637.363001,80,43.96,False,1654.0,
2016-07-22,11491.652002,254,43.41,False,1798.0,
2016-07-23,10016.80702,67,42.4,False,1243.0,
2016-07-24,9426.068008,110,42.4,False,501.0,
2016-07-25,9436.257020000001,74,42.4,True,1697.0,
2016-07-26,9554.54602,76,42.16,True,1615.0,
2016-07-27,12775.538004,0,41.9,True,1787.0,
2016-07-28,9542.752,76,41.13,True,1609.0,
2016-07-29,9758.121998,245,41.54,True,1734.0,
2016-07-30,11566.888,89,40.05,True,1280.0,
2016-07-31,4311.997,54,40.05,True,458.0,
2016-08-01,12144.727,77,40.05,True,1750.0,
2016-08-02,9494.01,77,39.5,True,1705.0,
2016-08-03,13925.177,299,40.8,True,1843.0,
2016-08-04,9420.414,75,41.92,True,1707.0,
2016-08-05,12272.125,267,41.83,False,1814.0,
2016-08-06,10434.342979000001,70,43.06,False,1246.0,
2016-08-07,4169.782,58,43.06,False,474.0,
2016-08-08,10804.048,81,43.06,False,1749.0,
2016-08-09,10174.669999,98,42.78,False,1662.0,
2016-08-10,11856.648000000001,302,41.75,True,1843.0,
2016-08-11,10465.866,77,43.51,True,1697.0,
2016-08-12,5260.085,190,44.47,False,515.0,
2016-08-13,7312.6810000000005,73,45.72,False,1001.0,
2016-08-14,3548.144,48,45.72,False,423.0,
2016-08-15,11907.947996,114,45.72,False,1776.0,
2016-08-16,9939.011,99,46.57,False,1648.0,
2016-08-17,12498.141,322,46.81,False,1807.0,
2016-08-18,8957.776995,88,48.2,False,1580.0,
2016-08-19,10769.785004,259,48.48,False,1654.0,
2016-08-20,10097.733,100,46.8,False,1191.0,
2016-08-21,4166.414,66,46.8,False,484.0,
2016-08-22,10244.09699,99,46.8,False,1682.0,
2016-08-23,9993.56,111,47.54,False,1736.0,
2016-08-24,12837.78,318,46.29,False,1831.0,
2016-08-25,8691.55101,67,46.97,False,1600.0,
2016-08-26,10805.095,255,47.64,False,1730.0,
2016-08-27,9745.501,74,46.97,False,1137.0,
2016-08-28,4595.423,53,46.97,False,504.0,
2016-08-29,9710.813,74,46.97,False,1631.0,
2016-08-30,9319.313,80,46.32,False,1660.0,
2016-08-31,12753.023,299,44.68,False,1835.0,
2016-09-01,11201.878996,74,43.17,False,1783.0,
2016-09-02,11980.501,227,44.39,False,1869.0,
2016-09-03,10913.0429,56,44.85,False,1292.0,
2016-09-04,5041.814,31,44.85,False,492.0,
2016-09-05,10881.009,55,44.85,False,1697.0,
2016-09-06,11120.047,56,44.85,False,1767.0,
2016-09-07,12384.205,272,45.47,False,1833.0,
2016-09-08,9683.909,52,47.63,False,1672.0,
2016-09-09,11860.668,232,45.88,False,1795.0,
2016-09-10,10815.429,53,46.28,False,1274.0,
2016-09-11,4392.577001,30,46.28,False,481.0,
2016-09-12,11500.15,53,46.28,False,1741.0,
2016-09-13,9904.759,0,44.91,False,1670.0,
2016-09-14,12078.072,269,43.62,False,1694.0,
2016-09-15,9122.126,128,43.85,False,1658.0,
2016-09-16,11882.457,321,43.04,False,1755.0,
2016-09-17,11323.476,154,43.34,False,1325.0,
2016-09-18,5216.363998,104,43.34,False,541.0,
2016-09-19,10883.877,141,43.34,False,1595.0,
2016-09-20,10206.429,148,43.85,False,1729.0,
2016-09-21,12363.738,363,45.33,False,1786.0,
2016-09-22,9432.738,134,46.1,False,1652.0,
2016-09-23,10815.502,320,44.36,False,1779.0,
2016-09-24,10609.752,151,45.6,False,1277.0,
2016-09-25,4849.326999,106,45.6,False,502.0,
2016-09-26,9527.791,145,45.6,False,1725.0,
2016-09-27,9061.425,154,44.65,False,1566.0,
2016-09-28,12834.586,354,47.07,False,1724.0,
2016-09-29,8301.976996,138,47.72,False,1548.0,
2016-09-30,10821.204999,315,47.72,False,1677.0,
2016-10-01,13471.048,140,48.8,False,1341.0,
2016-10-02,5984.562,106,48.8,False,528.0,
2016-10-03,12352.342,140,48.8,False,1794.0,
2016-10-04,11219.523,152,48.67,False,1713.0,
2016-10-05,14663.82,387,49.75,False,1758.0,
2016-10-06,10373.368,142,50.44,False,1719.0,
2016-10-07,11417.002999999999,336,49.76,False,1743.0,
2016-10-08,11489.716,157,49.76,False,1294.0,
2016-10-09,5817.9179970000005,136,49.76,False,539.0,
2016-10-10,11018.039999999999,164,49.76,False,1700.0,
2016-10-11,9537.574,166,50.72,False,1654.0,
2016-10-12,13642.59002,337,50.14,False,1792.0,
2016-10-13,8896.14,151,50.47,False,1667.0,
2016-10-14,12179.376,324,50.35,False,1809.0,
2016-10-15,11255.32,165,49.97,False,1263.0,
2016-10-16,6231.972003,133,49.97,False,583.0,
2016-10-17,11523.686,163,49.97,False,1791.0,
2016-10-18,10030.230000000001,151,50.3,False,1655.0,
2016-10-19,13910.232,350,51.59,False,1785.0,
2016-10-20,9996.057024,149,50.31,False,1707.0,
2016-10-21,11863.349,331,50.61,False,1777.0,
2016-10-22,11588.332993,163,50.18,False,1323.0,
2016-10-23,5474.39801,127,50.18,False,562.0,
2016-10-24,9700.549002,152,50.18,False,1589.0,
2016-10-25,10842.730996,150,49.45,False,1763.0,
2016-10-26,12265.287004,477,48.75,False,1835.0,
2016-10-27,10419.896999999999,214,49.71,False,1701.0,
2016-10-28,12202.652,381,48.72,False,1812.0,
2016-10-29,10820.421001,230,46.83,False,1347.0,
2016-10-30,5327.120001,185,46.83,False,549.0,
2016-10-31,8670.588,227,46.83,False,1532.0,
2016-11-01,13544.815999999999,215,46.66,False,1805.0,
2016-11-02,4795.6849999999995,387,45.32,False,505.0,
2016-11-03,4060.610998,150,44.66,False,445.0,
2016-11-04,7825.10398,379,44.07,False,923.0,
2016-11-05,7759.131002,205,44.88,False,915.0,
2016-11-06,5002.124,186,44.88,False,478.0,
2016-11-07,11862.516,218,44.88,False,1755.0,
2016-11-08,11983.032996,225,44.96,False,1810.0,
2016-11-09,18148.644,491,45.2,False,1918.0,
2016-11-10,10272.176,239,44.62,False,1712.0,
2016-11-11,11401.809,394,43.39,False,1670.0,
2016-11-12,22626.198,468,43.29,False,1448.0,
2016-11-13,5858.185005,188,43.29,False,574.0,
2016-11-14,11653.468,240,43.29,False,1814.0,
2016-11-15,10954.451,226,45.86,False,1811.0,
2016-11-16,14448.00501,546,45.56,False,1901.0,
2016-11-17,10255.081,219,45.37,False,1732.0,
2016-11-18,12403.905999999999,375,45.69,False,1805.0,
2016-11-19,11965.2,231,47.48,False,1341.0,
2016-11-20,5618.854002,170,47.48,False,534.0,
2016-11-21,12567.545,236,47.48,False,1862.0,
2016-11-22,10341.23898,219,48.07,False,1825.0,
2016-11-23,14044.713,479,46.72,False,1907.0,
2016-11-24,9578.2620005,226,46.72,False,1728.0,
2016-11-25,12120.162,406,46.72,False,1833.0,
2016-11-26,10752.353,228,45.66,False,1260.0,
2016-11-27,4871.082,187,45.66,False,545.0,
2016-11-28,11982.59,234,45.66,False,1810.0,
2016-11-29,10437.893,207,45.29,False,1672.0,
2016-11-30,14347.259,460,49.41,False,1903.0,
2016-12-01,11421.137991,251,51.08,False,1868.0,
2016-12-02,15683.887,434,51.7,False,1909.0,
2016-12-03,11322.29602,240,51.72,False,1215.0,
2016-12-04,6015.824004,197,51.72,False,568.0,
2016-12-05,10911.071,239,51.72,False,1887.0,
2016-12-06,4684.176,193,50.95,False,523.0,
2016-12-07,15846.475,598,49.85,False,2004.0,
2016-12-08,11358.607,268,50.84,False,1828.0,
2016-12-09,14351.003,436,51.51,False,1881.0,
2016-12-10,11562.999,265,52.74,False,1376.0,
2016-12-11,5606.629003,211,52.74,False,572.0,
2016-12-12,11609.916,264,52.74,False,1847.0,
2016-12-13,14288.602001,263,52.99,False,1836.0,
2016-12-14,15157.958,487,51.01,False,2076.0,
2016-12-15,12080.256010000001,273,50.9,False,2039.0,
2016-12-16,13946.75797,442,51.93,False,2103.0,
2016-12-17,13100.65,275,52.13,False,1453.0,
2016-12-18,7932.707999,251,52.13,False,864.0,
2016-12-19,14722.579,276,52.13,False,2144.0,
2016-12-20,14684.381,301,52.22,False,2221.0,
2016-12-21,17926.17498,507,51.44,False,2555.0,
2016-12-22,31877.404000000002,568,51.98,False,2760.0,
2016-12-23,18554.34204,477,52.01,False,3023.0,
2016-12-24,12963.608,249,52.82,False,1993.0,
2016-12-26,3715.753,189,52.82,False,488.0,
2016-12-27,12157.823,259,52.82,False,1845.0,
2016-12-28,12144.918,502,54.01,False,1834.0,
2016-12-29,10244.317014,258,53.8,False,1733.0,
2016-12-30,13584.621000000001,424,53.75,False,2119.0,
2016-12-31,10741.06,252,52.36,False,1526.0,
2017-01-01,0.0,0,52.36,True,0.0,
2017-01-02,5624.0259,128,52.36,False,516.0,
2017-01-03,14932.341,197,52.36,False,1946.0,
2017-01-04,16356.818000000001,479,53.26,False,1905.0,
2017-01-05,12789.186004,152,53.77,False,1807.0,
2017-01-06,13364.828,358,53.98,False,1856.0,
2017-01-07,11773.944,156,51.95,False,1303.0,
2017-01-08,6144.0070000000005,134,51.95,False,558.0,
2017-01-09,14312.390995,166,51.95,False,1798.0,
2017-01-10,12060.286,168,50.82,False,1732.0,
2017-01-11,14150.699,381,52.19,False,1868.0,
2017-01-12,10831.247,159,53.01,False,1688.0,
2017-01-13,13469.946,371,52.36,False,1831.0,
2017-01-14,12338.469000000001,185,52.45,False,1307.0,
2017-01-15,5986.059987000001,150,52.45,False,537.0,
2017-01-16,11797.987,169,52.45,False,1848.0,
2017-01-17,12942.477,188,52.45,False,1753.0,
2017-01-18,14276.43672,418,51.12,False,1871.0,
2017-01-19,10505.899996,158,51.39,False,1623.0,
2017-01-20,10766.622,323,52.33,False,1546.0,
2017-01-21,13271.161,175,52.77,False,1419.0,
2017-01-22,5245.27,119,52.77,False,534.0,
2017-01-23,12973.752004,167,52.77,False,1836.0,
2017-01-24,11331.452,173,52.38,False,1763.0,
2017-01-25,13740.706,425,52.14,False,1867.0,
2017-01-26,10407.096,111,53.24,False,1630.0,
2017-01-27,12294.118999999999,303,53.18,False,1871.0,
2017-01-28,11856.994,121,52.63,False,1328.0,
2017-01-29,5238.817,97,52.63,False,496.0,
2017-01-30,10890.876,131,52.63,False,1686.0,
2017-01-31,10125.046,123,52.75,False,1718.0,
2017-02-01,14961.579999,385,53.9,False,1900.0,
2017-02-02,11341.542995,104,53.55,False,1753.0,
2017-02-03,12461.34899,296,53.81,False,1869.0,
2017-02-04,12703.63,133,53.01,False,1406.0,
2017-02-05,5266.359,119,53.01,False,557.0,
2017-02-06,10858.515,120,53.01,False,1773.0,
2017-02-07,11408.945,137,52.19,False,1887.0,
2017-02-08,13686.225,418,52.37,False,1912.0,
2017-02-09,10527.45001,117,52.99,False,1750.0,
2017-02-10,12853.598,282,53.84,False,1858.0,
2017-02-11,12587.978,120,52.96,False,1372.0,
2017-02-12,5495.094,101,52.96,False,531.0,
2017-02-13,12579.33799,129,52.96,False,1933.0,
2017-02-14,10865.672,112,53.21,False,2051.0,
2017-02-15,13083.796,384,53.11,False,1780.0,
2017-02-16,10306.516,128,53.41,False,1709.0,
2017-02-17,12547.40704,304,53.41,False,1719.0,
2017-02-18,13379.741,132,54.02,False,1378.0,
2017-02-19,4761.3819975,103,54.02,False,458.0,
2017-02-20,11006.965,134,54.02,False,1645.0,
2017-02-21,11075.815,142,54.02,False,1762.0,
2017-02-22,12969.76802,367,53.61,False,1769.0,
2017-02-23,10394.717996,140,54.48,False,1733.0,
2017-02-24,12310.243,306,53.99,False,1918.0,
2017-02-25,10516.325,137,54.04,False,1146.0,
2017-02-26,3475.025999,103,54.04,False,379.0,
2017-02-27,2951.041,93,54.04,False,383.0,
2017-02-28,5553.757,109,54.0,False,537.0,
2017-03-01,16819.463,410,53.82,False,1873.0,
2017-03-02,12781.885,155,52.63,False,1792.0,
2017-03-03,13219.127,330,53.33,False,1886.0,
2017-03-04,12086.526,159,53.19,False,1336.0,
2017-03-05,5156.634,114,53.19,False,532.0,
2017-03-06,10819.112,131,53.19,False,1728.0,
2017-03-07,14300.59,132,52.68,False,1802.0,
2017-03-08,13247.726,362,49.83,False,1914.0,
2017-03-09,10605.342999999999,100,48.75,False,1616.0,
2017-03-10,12329.87103,290,48.05,False,1771.0,
2017-03-11,11997.510004,109,47.95,False,1314.0,
2017-03-12,5897.179,85,47.95,False,536.0,
2017-03-13,11353.198,109,47.95,False,1744.0,
2017-03-14,10622.636,100,47.24,False,1762.0,
2017-03-15,14398.525020000001,341,48.34,False,1879.0,
2017-03-16,10642.391,114,48.3,False,1678.0,
2017-03-17,15182.124,309,48.34,False,1965.0,
2017-03-18,11699.793004,118,47.79,False,1306.0,
2017-03-19,5631.1179999999995,90,47.79,False,581.0,
2017-03-20,11953.704,110,47.79,False,1791.0,
2017-03-21,12336.948,119,47.02,False,1719.0,
2017-03-22,14122.550000000001,348,47.29,False,1739.0,
2017-03-23,10741.143,95,47.0,False,1799.0,
2017-03-24,13505.038,282,47.3,False,1858.0,
2017-03-25,11667.069000000001,114,47.02,False,1320.0,
2017-03-26,5306.7369,81,47.02,False,512.0,
2017-03-27,11811.434000000001,113,47.02,False,1765.0,
2017-03-28,10759.35598,107,48.36,False,1755.0,
2017-03-29,14369.385,342,49.47,False,1852.0,
2017-03-30,10265.408,90,50.3,False,1698.0,
2017-03-31,13320.378975,279,50.54,False,1707.0,
2017-04-01,15094.336,85,50.25,False,1477.0,
2017-04-02,5521.681903,53,50.25,False,557.0,
2017-04-03,11166.36702,78,50.25,False,1759.0,
2017-04-04,11028.61,76,50.99,False,1747.0,
2017-04-05,15539.17,320,51.14,False,1930.0,
2017-04-06,10487.067001,92,51.69,False,1779.0,
2017-04-07,13014.477,261,52.25,False,1846.0,
2017-04-08,12509.368,92,53.06,False,1311.0,
2017-04-09,5621.146,64,53.06,False,530.0,
2017-04-10,10221.429,74,53.06,False,1596.0,
2017-04-11,10463.389,105,53.38,False,1753.0,
2017-04-12,14034.103974,380,53.12,True,1867.0,
2017-04-13,11394.875999,154,53.19,False,1905.0,
2017-04-14,8385.806,402,52.62,False,494.0,
2017-04-15,8229.871,116,52.62,False,1116.0,
2017-04-16,4695.418,128,52.62,False,483.0,
2017-04-17,12958.248998000001,155,52.62,False,1750.0,
2017-04-18,10410.45999,142,52.46,False,1652.0,
2017-04-19,13399.714,427,50.49,False,1802.0,
2017-04-20,10048.905,171,50.26,False,1579.0,
2017-04-21,13296.02397,369,49.64,False,1958.0,
2017-04-22,11995.482,190,48.9,False,1338.0,
2017-04-23,4800.859998,137,48.9,False,518.0,
2017-04-24,11186.166000000001,193,48.9,False,1632.0,
2017-04-25,10352.57301,183,49.22,False,1732.0,
2017-04-26,13849.35,411,49.22,False,1862.0,
2017-04-27,9760.477,198,48.96,False,1744.0,
2017-04-28,12199.520036,395,49.31,False,1903.0,
2017-04-29,10542.024,205,48.83,False,1278.0,
2017-04-30,4141.205,148,48.83,False,498.0,
2017-05-01,4031.118,122,48.83,False,481.0,
2017-05-02,14847.012,183,47.65,False,1757.0,
2017-05-03,15268.652,424,47.79,False,1803.0,
2017-05-04,11149.448,155,45.55,False,1729.0,
2017-05-05,12701.114996,329,46.23,False,1752.0,
2017-05-06,11937.496,155,46.46,False,1351.0,
2017-05-07,4812.538,116,46.46,False,523.0,
2017-05-08,11854.108,134,46.46,False,1740.0,
2017-05-09,10843.036,145,45.84,False,1784.0,
2017-05-10,13250.725,421,47.28,False,1831.0,
2017-05-11,9039.18,150,47.81,False,1608.0,
2017-05-12,13269.806999999999,321,47.83,False,1982.0,
2017-05-13,12306.483994,173,48.86,False,1487.0,
2017-05-14,4081.640004,107,48.86,False,554.0,
2017-05-15,11186.266003,168,48.86,False,1601.0,
2017-05-16,11206.256983000001,175,48.64,False,1738.0,
2017-05-17,13594.376,372,49.04,False,1795.0,
2017-05-18,10348.56302,156,49.36,False,1662.0,
2017-05-19,13483.6569,335,50.32,False,1897.0,
2017-05-20,10749.912,172,50.81,False,1284.0,
2017-05-21,4885.59199,137,50.81,False,495.0,
2017-05-22,11657.8199,169,50.81,False,1758.0,
2017-05-23,11253.753,176,51.12,False,1701.0,
2017-05-24,14215.447,380,50.99,True,1844.0,
2017-05-25,10587.048999999999,163,48.57,True,1663.0,
2017-05-26,5946.604996,246,49.58,False,580.0,
2017-05-27,9247.769,169,49.63,False,1116.0,
2017-05-28,4871.577,125,49.63,False,512.0,
2017-05-29,11704.673999999999,169,49.63,False,1750.0,
2017-05-30,9755.859,169,49.63,False,1770.0,
2017-05-31,14064.38398,376,48.29,False,1878.0,
2017-06-01,11293.651,19,48.32,False,1815.0,
2017-06-02,13122.11403,271,47.68,False,1925.0,
2017-06-03,12653.627,149,47.4,False,1420.0,
2017-06-04,5111.884,111,47.4,False,525.0,
2017-06-05,12049.031984,137,47.4,False,1883.0,
2017-06-06,12775.544,148,48.13,False,1816.0,
2017-06-07,14705.93103,385,45.8,False,1889.0,
2017-06-08,10373.042,192,45.68,False,1694.0,
2017-06-09,13456.414999999999,331,45.82,False,1886.0,
2017-06-10,11449.76,203,46.1,False,1362.0,
2017-06-11,5825.817998,155,46.1,False,585.0,
2017-06-12,10798.44101,190,46.1,False,1711.0,
2017-06-13,10801.989021,183,46.41,False,1766.0,
2017-06-14,14891.530003,436,44.79,False,1832.0,
2017-06-15,11433.403,202,44.47,False,1776.0,
2017-06-16,12456.52503,299,44.73,False,1946.0,
2017-06-17,12414.342,185,44.24,False,1388.0,
2017-06-18,4957.6320000000005,130,44.24,False,577.0,
2017-06-19,11907.839,177,44.24,False,1747.0,
2017-06-20,13910.833004,181,43.34,False,1778.0,
2017-06-21,13682.951998,477,42.48,False,1841.0,
2017-06-22,10069.635,183,42.53,False,1739.0,
2017-06-23,12013.79102,344,42.86,False,1843.0,
2017-06-24,11769.444,172,43.24,False,1299.0,
2017-06-25,15033.207,414,43.24,False,517.0,
2017-06-26,10722.777,161,43.24,False,1752.0,
2017-06-27,10498.349,159,44.25,False,1764.0,
2017-06-28,13409.584,392,44.74,False,1906.0,
2017-06-29,10247.561996,191,44.88,False,1645.0,
2017-06-30,12272.991998,392,46.02,False,1852.0,
2017-07-01,11801.934,187,45.11,False,1362.0,
2017-07-02,5308.296996,165,45.11,False,542.0,
2017-07-03,24402.438002,364,45.11,False,1890.0,
2017-07-04,10951.704,205,45.11,False,1803.0,
2017-07-05,14023.387999999999,465,45.11,False,1913.0,
2017-07-06,10311.751006,217,45.52,False,1698.0,
2017-07-07,12001.7,374,44.25,False,1843.0,
2017-07-08,10995.22,209,44.4,False,1366.0,
2017-07-09,5131.654004,148,44.4,False,579.0,
2017-07-10,11624.978000000001,197,44.4,False,1814.0,
2017-07-11,10553.459004,192,45.06,False,1760.0,
2017-07-12,13726.383,444,45.48,False,1970.0,
2017-07-13,10269.74299,165,46.06,False,1679.0,
2017-07-14,12375.274004,347,46.53,False,1867.0,
2017-07-15,9871.204,158,46.02,False,1338.0,
2017-07-16,4629.171,131,46.02,False,518.0,
2017-07-17,11337.712992,164,46.02,False,1739.0,
2017-07-18,11978.147002,181,46.4,False,1733.0,
2017-07-19,12998.338,399,47.1,False,1797.0,
2017-07-20,10448.933905,177,46.73,False,1774.0,
2017-07-21,12780.709996,322,45.78,False,1878.0,
2017-07-22,11120.524,163,46.21,False,1333.0,
2017-07-23,5308.637,120,46.21,False,547.0,
2017-07-24,11094.851,149,46.21,False,1807.0,
2017-07-25,10329.44303,156,47.77,False,1785.0,
2017-07-26,12579.23302,369,48.58,False,1903.0,
2017-07-27,10078.642,145,49.05,False,1729.0,
2017-07-28,11361.689,291,49.72,False,1848.0,
2017-07-29,10165.192000000001,133,50.21,False,1251.0,
2017-07-30,4950.2159897,107,50.21,False,519.0,
2017-07-31,11626.725,143,50.21,False,1872.0,
2017-08-01,11829.888998,129,49.19,False,1795.0,
2017-08-02,14527.532220000001,364,49.6,False,1892.0,
2017-08-03,9070.62,95,49.03,False,1726.0,
2017-08-04,12149.89796,290,49.57,False,1847.0,
2017-08-05,9387.579,110,49.37,False,1251.0,
2017-08-06,4409.247998,83,49.37,False,507.0,
2017-08-07,10538.136,119,49.37,False,1665.0,
2017-08-08,11070.75899,113,49.07,False,1766.0,
2017-08-09,12583.652,338,49.59,False,1766.0,
2017-08-10,10834.579,125,48.54,True,1764.0,
2017-08-11,5403.742021,216,48.81,False,570.0,
2017-08-12,7543.623,103,47.59,False,1004.0,
2017-08-13,3902.7819999999997,73,47.59,False,416.0,
2017-08-14,10433.314,120,47.59,False,1733.0,
2017-08-15,9823.551018,115,47.57,False,1693.0,
